ISO code,Country and areas,Note,Indicator,Measure,Estimate,2000,2001,2002,2003,2004,2005,2006,2007,2008,2009,2010,2011,2012,2013,2014,2015,2016,2017,2018,2019,2020,2021,2022
AFG,Afghanistan,,Stunting,Proportion,Point Estimate,54.9,55.0,54.7,54.3,53.8,53.2,52.5,51.6,50.4,48.9,47.4,45.8,44.3,42.9,41.6,40.5,39.4,38.3,37.2,36.1,35.1,34.0,33.1
AFG,Afghanistan,,Stunting,Proportion,Lower Uncertainty Bound,51.9,52.2,52.0,51.6,51.1,50.4,49.7,48.6,47.5,46.1,44.7,43.3,41.9,40.7,39.6,38.4,37.2,35.9,34.6,33.2,31.9,30.5,29.3
AFG,Afghanistan,,Stunting,Proportion,Upper Uncertainty Bound,58.0,57.8,57.4,56.9,56.5,56.0,55.4,54.5,53.3,51.8,50.1,48.3,46.6,45.1,43.7,42.6,41.6,40.7,39.8,39.1,38.4,37.7,37.1
ALB,Albania,,Stunting,Proportion,Point Estimate,29.5,29.6,29.5,29.2,28.5,27.6,26.3,24.7,22.9,21.1,19.3,17.8,16.4,15.2,14.3,13.5,12.7,11.9,11.1,10.3,9.5,8.8,8.3
ALB,Albania,,Stunting,Proportion,Lower Uncertainty Bound,23.4,24.3,25.2,25.7,25.8,25.4,24.4,23.0,21.3,19.5,17.8,16.3,15.0,14.0,13.1,12.3,11.5,10.7,9.8,8.9,8.1,7.4,6.8
ALB,Albania,,Stunting,Proportion,Upper Uncertainty Bound,36.4,35.4,34.3,32.9,31.4,29.9,28.2,26.5,24.6,22.7,20.9,19.2,17.8,16.5,15.5,14.7,14.0,13.3,12.6,11.8,11.1,10.5,10.0
DZA,Algeria,,Stunting,Proportion,Point Estimate,22.3,21.5,20.7,19.8,18.9,18.1,17.2,16.3,15.4,14.4,13.6,12.8,12.1,11.6,11.1,10.7,10.4,10.0,9.7,9.4,9.1,8.8,8.6
DZA,Algeria,,Stunting,Proportion,Lower Uncertainty Bound,21.0,20.3,19.5,18.7,17.8,16.9,16.1,15.1,14.2,13.4,12.6,11.8,11.3,10.8,10.3,9.9,9.5,9.2,8.8,8.4,8.1,7.7,7.4
DZA,Algeria,,Stunting,Proportion,Upper Uncertainty Bound,23.7,22.8,21.9,21.0,20.1,19.3,18.5,17.6,16.6,15.6,14.6,13.8,13.0,12.4,12.0,11.6,11.2,10.9,10.7,10.4,10.2,10.0,9.9
AND,Andorra,,Stunting,Proportion,Point Estimate,-,-,-,-,-,-,-,-,-,-,-,-,-,-,-,-,-,-,-,-,-,-,-
AND,Andorra,,Stunting,Proportion,Lower Uncertainty Bound,-,-,-,-,-,-,-,-,-,-,-,-,-,-,-,-,-,-,-,-,-,-,-
AND,Andorra,,Stunting,Proportion,Upper Uncertainty Bound,-,-,-,-,-,-,-,-,-,-,-,-,-,-,-,-,-,-,-,-,-,-,-
AGO,Angola,,Stunting,Proportion,Point Estimate,46.5,43.5,40.6,38.0,35.7,33.9,32.5,31.6,30.9,30.7,30.8,31.1,31.8,32.8,34.1,35.6,37.2,38.7,40.2,41.4,42.4,43.1,43.6
AGO,Angola,,Stunting,Proportion,Lower Uncertainty Bound,43.4,40.4,37.7,35.1,32.9,31.2,29.9,29.0,28.5,28.4,28.6,29.0,29.7,30.7,31.7,32.9,34.0,35.0,36.0,36.7,37.1,37.3,37.3
AGO,Angola,,Stunting,Proportion,Upper Uncertainty Bound,49.6,46.5,43.6,41.0,38.6,36.7,35.3,34.2,33.4,33.1,33.0,33.3,34.0,35.1,36.6,38.4,40.5,42.5,44.5,46.3,47.9,49.1,50.1
AIA,Anguilla,,Stunting,Proportion,Point Estimate,-,-,-,-,-,-,-,-,-,-,-,-,-,-,-,-,-,-,-,-,-,-,-
AIA,Anguilla,,Stunting,Proportion,Lower Uncertainty Bound,-,-,-,-,-,-,-,-,-,-,-,-,-,-,-,-,-,-,-,-,-,-,-
AIA,Anguilla,,Stunting,Proportion,Upper Uncertainty Bound,-,-,-,-,-,-,-,-,-,-,-,-,-,-,-,-,-,-,-,-,-,-,-
ATG,Antigua and Barbuda,,Stunting,Proportion,Point Estimate,-,-,-,-,-,-,-,-,-,-,-,-,-,-,-,-,-,-,-,-,-,-,-
ATG,Antigua and Barbuda,,Stunting,Proportion,Lower Uncertainty Bound,-,-,-,-,-,-,-,-,-,-,-,-,-,-,-,-,-,-,-,-,-,-,-
ATG,Antigua and Barbuda,,Stunting,Proportion,Upper Uncertainty Bound,-,-,-,-,-,-,-,-,-,-,-,-,-,-,-,-,-,-,-,-,-,-,-
ARG,Argentina,,Stunting,Proportion,Point Estimate,9.4,9.0,8.7,8.4,8.1,7.8,7.5,7.3,7.2,7.1,7.1,7.0,7.1,7.2,7.5,7.7,7.9,8.2,8.3,8.6,8.9,9.2,9.5
ARG,Argentina,,Stunting,Proportion,Lower Uncertainty Bound,8.3,8.1,7.8,7.6,7.3,7.0,6.7,6.5,6.4,6.3,6.3,6.2,6.3,6.5,6.7,6.9,7.1,7.3,7.4,7.5,7.7,7.9,8.0
ARG,Argentina,,Stunting,Proportion,Upper Uncertainty Bound,10.5,10.1,9.7,9.4,9.0,8.7,8.5,8.3,8.1,8.0,8.0,7.9,7.9,8.1,8.3,8.5,8.8,9.1,9.4,9.7,10.2,10.7,11.1
ARM,Armenia,,Stunting,Proportion,Point Estimate,17.2,18.3,19.2,19.9,20.4,20.6,20.4,19.8,18.8,17.7,16.4,15.1,13.9,12.9,12.0,11.2,10.4,9.7,9.1,8.5,8.0,7.5,7.2
ARM,Armenia,,Stunting,Proportion,Lower Uncertainty Bound,16.0,17.1,18.0,18.6,19.0,19.1,18.8,18.3,17.3,16.3,15.2,14.0,12.9,11.9,11.0,10.2,9.4,8.6,7.9,7.2,6.6,6.1,5.7
ARM,Armenia,,Stunting,Proportion,Upper Uncertainty Bound,18.4,19.5,20.5,21.3,21.9,22.1,22.0,21.4,20.3,19.1,17.7,16.3,15.0,13.9,13.1,12.3,11.7,11.0,10.5,10.0,9.5,9.2,8.9
AUS,Australia,,Stunting,Proportion,Point Estimate,0.9,1.0,1.2,1.4,1.7,2.0,2.2,2.5,2.8,2.9,3.1,3.2,3.2,3.3,3.3,3.3,3.3,3.3,3.3,3.3,3.3,3.3,3.4
AUS,Australia,,Stunting,Proportion,Lower Uncertainty Bound,0.7,0.9,1.0,1.2,1.5,1.7,2.0,2.2,2.4,2.5,2.6,2.6,2.5,2.5,2.4,2.3,2.2,2.1,2.0,1.9,1.8,1.8,1.7
AUS,Australia,,Stunting,Proportion,Upper Uncertainty Bound,1.0,1.2,1.4,1.7,1.9,2.2,2.6,2.9,3.2,3.4,3.7,3.9,4.1,4.3,4.6,4.8,5.0,5.3,5.5,5.7,5.9,6.2,6.5
AUT,Austria,,Stunting,Proportion,Point Estimate,-,-,-,-,-,-,-,-,-,-,-,-,-,-,-,-,-,-,-,-,-,-,-
AUT,Austria,,Stunting,Proportion,Lower Uncertainty Bound,-,-,-,-,-,-,-,-,-,-,-,-,-,-,-,-,-,-,-,-,-,-,-
AUT,Austria,,Stunting,Proportion,Upper Uncertainty Bound,-,-,-,-,-,-,-,-,-,-,-,-,-,-,-,-,-,-,-,-,-,-,-
AZE,Azerbaijan,,Stunting,Proportion,Point Estimate,24.3,24.4,24.5,24.4,24.3,23.9,23.3,22.4,21.4,20.3,19.3,18.3,17.4,16.7,16.1,15.7,15.3,14.9,14.6,14.2,13.9,13.5,13.3
AZE,Azerbaijan,,Stunting,Proportion,Lower Uncertainty Bound,22.7,22.9,22.9,22.8,22.6,22.3,21.6,20.8,19.9,19.0,18.0,17.1,16.2,15.3,14.5,13.8,13.1,12.5,11.8,11.2,10.7,10.2,9.7
AZE,Azerbaijan,,Stunting,Proportion,Upper Uncertainty Bound,26.1,26.1,26.1,26.1,26.0,25.7,25.1,24.1,22.9,21.7,20.6,19.5,18.7,18.2,17.9,17.8,17.8,17.8,17.8,17.8,17.8,17.8,17.8
BHS,Bahamas,,Stunting,Proportion,Point Estimate,-,-,-,-,-,-,-,-,-,-,-,-,-,-,-,-,-,-,-,-,-,-,-
BHS,Bahamas,,Stunting,Proportion,Lower Uncertainty Bound,-,-,-,-,-,-,-,-,-,-,-,-,-,-,-,-,-,-,-,-,-,-,-
BHS,Bahamas,,Stunting,Proportion,Upper Uncertainty Bound,-,-,-,-,-,-,-,-,-,-,-,-,-,-,-,-,-,-,-,-,-,-,-
BHR,Bahrain,1,Stunting,Proportion,Point Estimate,10.9,10.3,9.9,9.6,9.3,9.0,8.7,8.3,8.0,7.6,7.3,7.0,6.8,6.5,6.3,6.2,6.0,5.8,5.6,5.4,5.3,5.1,5.0
BHR,Bahrain,1,Stunting,Proportion,Lower Uncertainty Bound,8.0,7.3,6.7,6.2,5.7,5.3,5.0,4.7,4.4,4.1,3.9,3.7,3.5,3.4,3.2,3.1,3.0,2.8,2.7,2.5,2.4,2.3,2.1
BHR,Bahrain,1,Stunting,Proportion,Upper Uncertainty Bound,14.6,14.5,14.5,14.6,14.7,14.7,14.7,14.5,14.1,13.7,13.3,12.9,12.6,12.3,12.0,11.9,11.8,11.6,11.4,11.3,11.2,11.1,11.1
BGD,Bangladesh,,Stunting,Proportion,Point Estimate,54.7,53.4,52.3,51.2,50.0,48.9,47.8,46.6,45.2,43.7,42.2,40.7,39.2,37.8,36.4,35.1,33.9,32.5,31.2,29.9,28.6,27.5,26.4
BGD,Bangladesh,,Stunting,Proportion,Lower Uncertainty Bound,53.5,52.3,51.2,50.1,49.0,47.9,46.8,45.5,44.2,42.8,41.3,39.9,38.5,37.1,35.6,34.3,33.0,31.6,30.1,28.7,27.3,26.0,24.8
BGD,Bangladesh,,Stunting,Proportion,Upper Uncertainty Bound,55.9,54.5,53.3,52.2,51.0,49.9,48.8,47.6,46.2,44.7,43.2,41.6,40.0,38.6,37.1,35.9,34.7,33.5,32.3,31.1,30.0,29.0,28.1
BRB,Barbados,,Stunting,Proportion,Point Estimate,8.2,8.2,8.2,8.2,8.2,8.2,8.1,8.1,8.1,8.0,7.8,7.7,7.5,7.3,7.1,7.0,6.8,6.7,6.5,6.4,6.2,6.1,6.0
BRB,Barbados,,Stunting,Proportion,Lower Uncertainty Bound,4.6,4.9,5.1,5.3,5.6,5.8,6.0,6.2,6.4,6.5,6.6,6.6,6.5,6.3,6.0,5.7,5.3,5.0,4.6,4.4,4.1,3.8,3.6
BRB,Barbados,,Stunting,Proportion,Upper Uncertainty Bound,14.0,13.5,13.0,12.5,11.9,11.4,11.0,10.6,10.3,9.8,9.3,8.9,8.6,8.4,8.5,8.6,8.7,8.9,9.0,9.2,9.4,9.6,9.7
BLR,Belarus,,Stunting,Proportion,Point Estimate,4.7,4.5,4.5,4.4,4.5,4.5,4.4,4.4,4.4,4.1,4.0,3.9,3.9,3.8,3.8,3.8,3.7,3.7,3.7,3.7,3.6,3.6,3.6
BLR,Belarus,,Stunting,Proportion,Lower Uncertainty Bound,3.4,3.5,3.6,3.7,3.9,3.9,3.9,3.8,3.6,3.3,3.1,3.0,2.8,2.6,2.5,2.4,2.3,2.2,2.1,2.0,1.9,1.8,1.8
BLR,Belarus,,Stunting,Proportion,Upper Uncertainty Bound,6.4,6.0,5.6,5.2,5.2,5.1,5.1,5.2,5.3,5.1,5.1,5.2,5.3,5.4,5.6,5.8,6.0,6.2,6.4,6.6,6.8,7.0,7.2
BEL,Belgium,,Stunting,Proportion,Point Estimate,4.0,4.0,4.0,3.9,3.8,3.7,3.6,3.5,3.4,3.2,3.1,2.9,2.8,2.7,2.7,2.6,2.6,2.6,2.5,2.5,2.5,2.4,2.4
BEL,Belgium,,Stunting,Proportion,Lower Uncertainty Bound,2.1,2.2,2.2,2.3,2.3,2.3,2.3,2.3,2.3,2.3,2.3,2.3,2.3,2.2,2.2,2.2,2.1,2.0,1.9,1.8,1.7,1.6,1.5
BEL,Belgium,,Stunting,Proportion,Upper Uncertainty Bound,7.7,7.4,7.1,6.7,6.3,6.0,5.6,5.2,4.8,4.4,4.1,3.8,3.5,3.3,3.3,3.2,3.2,3.3,3.4,3.4,3.5,3.6,3.7
BLZ,Belize,,Stunting,Proportion,Point Estimate,23.4,23.6,23.6,23.5,23.3,22.9,22.4,21.8,21.0,20.1,19.2,18.3,17.5,16.7,16.0,15.4,14.8,14.2,13.7,13.2,12.8,12.4,12.0
BLZ,Belize,,Stunting,Proportion,Lower Uncertainty Bound,17.6,18.5,19.3,19.9,20.3,20.5,20.4,20.0,19.4,18.7,17.9,17.1,16.3,15.5,14.7,14.0,13.2,12.4,11.7,11.1,10.5,9.9,9.5
BLZ,Belize,,Stunting,Proportion,Upper Uncertainty Bound,30.5,29.6,28.6,27.6,26.5,25.5,24.6,23.6,22.7,21.7,20.6,19.6,18.7,18.0,17.4,16.9,16.6,16.2,16.0,15.7,15.5,15.3,15.2
BEN,Benin,,Stunting,Proportion,Point Estimate,34.9,35.0,35.2,35.4,35.7,36.1,36.4,36.4,36.2,35.8,35.2,34.5,33.9,33.5,33.1,32.9,32.7,32.5,32.3,31.9,31.4,30.9,30.4
BEN,Benin,,Stunting,Proportion,Lower Uncertainty Bound,32.9,33.0,33.1,33.3,33.5,33.8,34.1,34.1,33.9,33.6,33.1,32.6,32.1,31.7,31.4,31.2,30.9,30.5,29.9,29.3,28.5,27.7,27.0
BEN,Benin,,Stunting,Proportion,Upper Uncertainty Bound,37.0,37.1,37.3,37.6,37.9,38.4,38.7,38.8,38.6,38.1,37.3,36.5,35.8,35.2,34.9,34.7,34.7,34.7,34.7,34.6,34.5,34.3,34.2
BTN,Bhutan,,Stunting,Proportion,Point Estimate,44.5,43.4,42.4,41.4,40.3,39.3,38.2,37.0,35.7,34.3,32.8,31.5,30.2,29.1,28.2,27.3,26.4,25.6,24.9,24.3,23.7,23.2,22.7
BTN,Bhutan,,Stunting,Proportion,Lower Uncertainty Bound,41.6,40.7,39.7,38.7,37.7,36.7,35.7,34.7,33.6,32.3,30.7,29.0,27.2,25.4,23.8,22.2,20.7,19.3,18.1,16.9,16.0,15.1,14.3
BTN,Bhutan,,Stunting,Proportion,Upper Uncertainty Bound,47.3,46.2,45.2,44.1,43.1,42.0,40.8,39.3,37.8,36.3,35.1,34.1,33.5,33.1,33.0,33.0,33.1,33.2,33.4,33.6,33.8,33.9,34.0
BOL,Bolivia (Plurinational State of),,Stunting,Proportion,Point Estimate,32.9,32.4,31.9,31.2,30.5,29.6,28.6,27.3,25.9,24.3,22.8,21.3,19.9,18.7,17.7,16.6,15.7,14.7,13.8,13.0,12.3,11.6,11.1
BOL,Bolivia (Plurinational State of),,Stunting,Proportion,Lower Uncertainty Bound,31.0,30.6,30.1,29.5,28.7,27.9,26.8,25.6,24.2,22.8,21.4,20.0,18.8,17.6,16.5,15.4,14.3,13.2,12.2,11.2,10.4,9.7,9.1
BOL,Bolivia (Plurinational State of),,Stunting,Proportion,Upper Uncertainty Bound,34.8,34.3,33.7,33.0,32.3,31.5,30.4,29.1,27.5,25.9,24.2,22.6,21.2,19.9,18.9,18.0,17.2,16.4,15.7,15.0,14.4,13.9,13.5
BIH,Bosnia and Herzegovina,,Stunting,Proportion,Point Estimate,12.4,11.8,11.6,11.4,11.3,11.2,11.1,11.0,10.8,10.4,10.0,9.6,9.2,8.9,8.7,8.6,8.5,8.4,8.4,8.3,8.2,8.1,8.0
BIH,Bosnia and Herzegovina,,Stunting,Proportion,Lower Uncertainty Bound,11.1,10.7,10.6,10.5,10.4,10.2,10.1,10.0,9.8,9.5,9.1,8.7,8.2,7.8,7.4,7.1,6.8,6.6,6.3,6.1,5.9,5.6,5.4
BIH,Bosnia and Herzegovina,,Stunting,Proportion,Upper Uncertainty Bound,13.8,12.9,12.7,12.5,12.4,12.3,12.2,12.1,11.8,11.4,10.9,10.6,10.2,10.1,10.1,10.3,10.4,10.7,11.0,11.3,11.5,11.6,11.7
BWA,Botswana,,Stunting,Proportion,Point Estimate,30.3,30.1,30.0,29.7,29.5,29.3,28.8,28.3,27.8,27.0,26.1,25.3,24.6,23.6,23.2,22.9,22.9,22.9,23.0,22.8,22.5,22.1,21.6
BWA,Botswana,,Stunting,Proportion,Lower Uncertainty Bound,28.3,28.1,28.0,27.7,27.4,27.1,26.6,25.9,25.2,24.1,22.8,21.6,20.3,18.9,17.9,17.0,16.3,15.7,15.2,14.5,13.8,13.1,12.4
BWA,Botswana,,Stunting,Proportion,Upper Uncertainty Bound,32.5,32.2,32.1,31.8,31.6,31.5,31.2,30.8,30.5,30.1,29.7,29.5,29.4,29.2,29.5,30.2,31.1,32.1,33.2,33.9,34.5,34.7,34.9
BRA,Brazil,,Stunting,Proportion,Point Estimate,9.8,9.1,8.5,8.0,7.6,7.3,7.1,7.0,6.8,6.6,6.5,6.4,6.3,6.3,6.4,6.5,6.6,6.8,6.9,7.1,7.2,7.2,7.2
BRA,Brazil,,Stunting,Proportion,Lower Uncertainty Bound,8.8,8.2,7.6,7.2,6.8,6.5,6.3,6.2,6.0,5.9,5.8,5.7,5.7,5.7,5.8,5.9,6.0,6.1,6.2,6.3,6.3,6.3,6.2
BRA,Brazil,,Stunting,Proportion,Upper Uncertainty Bound,11.0,10.2,9.5,9.0,8.5,8.2,8.0,7.8,7.6,7.5,7.3,7.1,7.0,7.0,7.1,7.2,7.3,7.5,7.7,7.9,8.1,8.3,8.4
VGB,British Virgin Islands,,Stunting,Proportion,Point Estimate,-,-,-,-,-,-,-,-,-,-,-,-,-,-,-,-,-,-,-,-,-,-,-
VGB,British Virgin Islands,,Stunting,Proportion,Lower Uncertainty Bound,-,-,-,-,-,-,-,-,-,-,-,-,-,-,-,-,-,-,-,-,-,-,-
VGB,British Virgin Islands,,Stunting,Proportion,Upper Uncertainty Bound,-,-,-,-,-,-,-,-,-,-,-,-,-,-,-,-,-,-,-,-,-,-,-
BRN,Brunei Darussalam,,Stunting,Proportion,Point Estimate,21.3,21.5,21.5,21.5,21.5,21.3,21.0,20.6,20.0,19.2,18.4,17.7,17.0,16.4,15.8,15.1,14.4,13.7,13.0,12.4,11.8,11.3,10.9
BRN,Brunei Darussalam,,Stunting,Proportion,Lower Uncertainty Bound,14.1,14.9,15.7,16.4,17.1,17.6,18.0,18.1,17.8,17.3,16.5,15.5,14.5,13.5,12.4,11.4,10.4,9.4,8.6,7.8,7.1,6.6,6.1
BRN,Brunei Darussalam,,Stunting,Proportion,Upper Uncertainty Bound,30.9,29.9,28.9,27.8,26.7,25.6,24.5,23.4,22.3,21.3,20.6,20.2,19.9,19.8,19.8,19.8,19.6,19.5,19.3,19.1,19.0,18.9,18.8
BGR,Bulgaria,,Stunting,Proportion,Point Estimate,8.1,8.3,8.4,8.5,8.6,8.6,8.6,8.4,8.2,8.0,7.7,7.4,7.1,6.9,6.8,6.6,6.5,6.4,6.2,6.1,5.9,5.7,5.6
BGR,Bulgaria,,Stunting,Proportion,Lower Uncertainty Bound,6.2,6.6,7.0,7.4,7.7,7.8,7.8,7.7,7.5,7.2,6.9,6.6,6.3,6.0,5.8,5.6,5.3,5.1,4.8,4.6,4.3,4.1,3.9
BGR,Bulgaria,,Stunting,Proportion,Upper Uncertainty Bound,10.6,10.3,10.0,9.8,9.6,9.5,9.4,9.2,9.1,8.8,8.5,8.2,8.1,7.9,7.9,7.9,7.9,8.0,8.0,8.0,8.0,7.9,7.9
BFA,Burkina Faso,,Stunting,Proportion,Point Estimate,40.5,40.9,41.3,41.5,41.6,41.5,41.2,40.6,39.6,38.3,36.7,35.1,33.3,31.5,29.9,28.4,27.0,25.8,24.8,23.9,23.1,22.4,21.8
BFA,Burkina Faso,,Stunting,Proportion,Lower Uncertainty Bound,38.0,38.5,39.1,39.5,39.7,39.8,39.7,39.1,38.3,37.1,35.7,34.1,32.4,30.7,29.1,27.6,26.2,25.1,24.0,23.1,22.3,21.5,20.8
BFA,Burkina Faso,,Stunting,Proportion,Upper Uncertainty Bound,43.0,43.3,43.5,43.6,43.5,43.3,42.8,42.0,40.9,39.5,37.8,36.1,34.2,32.4,30.7,29.2,27.8,26.6,25.6,24.7,23.9,23.3,22.8
BDI,Burundi,,Stunting,Proportion,Point Estimate,63.1,62.6,62.0,61.5,61.0,60.6,60.2,59.7,59.1,58.4,57.7,57.0,56.5,56.1,55.9,55.9,55.9,56.0,56.1,56.2,56.3,56.4,56.5
BDI,Burundi,,Stunting,Proportion,Lower Uncertainty Bound,60.2,60.0,59.7,59.3,58.7,58.3,57.8,57.3,56.6,56.0,55.3,54.8,54.4,54.2,54.2,54.3,54.5,54.6,54.7,54.7,54.8,54.7,54.5
BDI,Burundi,,Stunting,Proportion,Upper Uncertainty Bound,65.9,65.0,64.3,63.7,63.2,62.9,62.6,62.2,61.5,60.8,60.0,59.2,58.5,58.0,57.6,57.4,57.4,57.3,57.5,57.7,57.9,58.2,58.5
CPV,Cabo Verde,1,Stunting,Proportion,Point Estimate,17.8,17.3,16.9,16.4,15.9,15.6,15.4,15.1,14.8,14.3,13.8,13.2,12.6,12.1,11.7,11.4,11.1,10.8,10.5,10.2,9.9,9.6,9.4
CPV,Cabo Verde,1,Stunting,Proportion,Lower Uncertainty Bound,12.9,12.1,11.3,10.5,9.8,9.3,8.9,8.5,8.2,7.8,7.5,7.1,6.7,6.4,6.1,5.8,5.6,5.3,5.1,4.8,4.6,4.3,4.1
CPV,Cabo Verde,1,Stunting,Proportion,Upper Uncertainty Bound,24.1,24.3,24.5,24.7,24.8,25.0,25.3,25.3,25.2,24.8,24.2,23.4,22.6,21.9,21.4,21.0,20.8,20.5,20.4,20.2,20.1,20.0,20.0
KHM,Cambodia,,Stunting,Proportion,Point Estimate,50.5,49.3,48.2,47.0,45.9,44.7,43.6,42.3,40.8,39.2,37.4,35.6,33.8,32.0,30.4,29.0,27.7,26.6,25.6,24.7,23.8,23.0,22.3
KHM,Cambodia,,Stunting,Proportion,Lower Uncertainty Bound,48.4,47.3,46.3,45.2,44.1,42.9,41.8,40.5,39.1,37.5,35.8,34.0,32.2,30.5,28.9,27.5,26.2,25.0,23.9,22.8,21.9,21.0,20.1
KHM,Cambodia,,Stunting,Proportion,Upper Uncertainty Bound,52.6,51.3,50.1,48.9,47.7,46.5,45.4,44.0,42.5,40.9,39.1,37.2,35.3,33.6,32.0,30.6,29.4,28.3,27.4,26.6,25.9,25.2,24.6
CMR,Cameroon,,Stunting,Proportion,Point Estimate,37.5,37.6,37.6,37.5,37.3,37.0,36.6,36.1,35.4,34.6,33.7,32.9,32.1,31.5,31.0,30.5,30.0,29.5,29.0,28.5,27.9,27.3,26.9
CMR,Cameroon,,Stunting,Proportion,Lower Uncertainty Bound,35.3,35.6,35.8,35.7,35.5,35.2,34.8,34.3,33.6,32.8,32.0,31.3,30.7,30.1,29.5,28.9,28.3,27.6,26.8,26.1,25.3,24.5,23.8
CMR,Cameroon,,Stunting,Proportion,Upper Uncertainty Bound,39.8,39.7,39.6,39.3,39.0,38.8,38.5,37.9,37.2,36.3,35.4,34.4,33.6,33.0,32.5,32.1,31.8,31.5,31.2,31.0,30.7,30.4,30.2
CAN,Canada,,Stunting,Proportion,Point Estimate,-,-,-,-,-,-,-,-,-,-,-,-,-,-,-,-,-,-,-,-,-,-,-
CAN,Canada,,Stunting,Proportion,Lower Uncertainty Bound,-,-,-,-,-,-,-,-,-,-,-,-,-,-,-,-,-,-,-,-,-,-,-
CAN,Canada,,Stunting,Proportion,Upper Uncertainty Bound,-,-,-,-,-,-,-,-,-,-,-,-,-,-,-,-,-,-,-,-,-,-,-
CAF,Central African Republic,,Stunting,Proportion,Point Estimate,43.1,43.3,43.4,43.5,43.5,43.6,43.5,43.3,42.8,42.3,41.7,41.1,40.6,40.6,40.8,40.9,40.9,40.9,40.8,40.5,40.3,40.0,39.8
CAF,Central African Republic,,Stunting,Proportion,Lower Uncertainty Bound,40.8,41.0,41.2,41.4,41.6,41.7,41.6,41.4,41.0,40.5,40.0,39.5,39.1,39.3,39.5,39.7,39.8,39.7,39.5,39.1,38.7,38.2,37.6
CAF,Central African Republic,,Stunting,Proportion,Upper Uncertainty Bound,45.5,45.6,45.5,45.5,45.5,45.5,45.4,45.1,44.7,44.1,43.4,42.8,42.1,42.0,42.1,42.1,42.1,42.1,42.1,41.9,41.9,41.9,42.0
TCD,Chad,,Stunting,Proportion,Point Estimate,42.0,42.1,42.4,42.5,42.6,42.6,42.5,42.3,41.9,41.3,40.5,39.7,38.9,38.2,37.6,36.9,36.3,35.7,35.0,34.4,33.6,32.9,32.3
TCD,Chad,,Stunting,Proportion,Lower Uncertainty Bound,40.1,40.3,40.5,40.7,40.6,40.5,40.4,40.1,39.7,39.2,38.5,37.8,37.2,36.6,36.2,35.7,35.2,34.7,34.1,33.4,32.6,31.7,30.9
TCD,Chad,,Stunting,Proportion,Upper Uncertainty Bound,43.9,44.0,44.2,44.5,44.6,44.6,44.7,44.5,44.0,43.4,42.5,41.6,40.7,39.8,39.0,38.2,37.5,36.7,36.0,35.3,34.7,34.1,33.7
CHL,Chile,,Stunting,Proportion,Point Estimate,2.9,2.7,2.5,2.4,2.3,2.3,2.2,2.2,2.1,2.1,2.0,1.9,1.9,1.9,1.8,1.8,1.8,1.7,1.7,1.7,1.6,1.6,1.6
CHL,Chile,,Stunting,Proportion,Lower Uncertainty Bound,2.6,2.5,2.3,2.2,2.1,2.1,2.0,2.0,1.9,1.9,1.8,1.8,1.7,1.7,1.6,1.5,1.5,1.4,1.3,1.3,1.2,1.2,1.1
CHL,Chile,,Stunting,Proportion,Upper Uncertainty Bound,3.1,2.9,2.8,2.6,2.6,2.5,2.4,2.4,2.3,2.3,2.2,2.1,2.1,2.1,2.1,2.1,2.1,2.1,2.1,2.1,2.1,2.2,2.2
CHN,China,,Stunting,Proportion,Point Estimate,19.9,18.4,17.0,15.6,14.3,13.2,12.2,11.3,10.5,9.7,8.9,8.1,7.6,7.1,6.7,6.5,6.2,5.9,5.7,5.4,5.1,4.9,4.6
CHN,China,,Stunting,Proportion,Lower Uncertainty Bound,18.9,17.5,16.1,14.8,13.5,12.4,11.4,10.6,9.8,9.1,8.3,7.6,7.1,6.6,6.2,5.8,5.5,5.2,4.8,4.5,4.2,3.9,3.7
CHN,China,,Stunting,Proportion,Upper Uncertainty Bound,20.9,19.4,17.9,16.5,15.2,14.0,13.0,12.0,11.2,10.3,9.4,8.7,8.1,7.7,7.3,7.2,7.0,6.8,6.6,6.4,6.2,6.0,5.8
COL,Colombia,,Stunting,Proportion,Point Estimate,17.4,17.1,16.8,16.5,16.1,15.7,15.3,14.7,14.2,13.7,13.3,12.9,12.7,12.5,12.4,12.3,12.1,12.0,11.8,11.6,11.5,11.3,11.2
COL,Colombia,,Stunting,Proportion,Lower Uncertainty Bound,16.1,15.9,15.6,15.3,15.0,14.6,14.1,13.6,13.1,12.7,12.3,12.0,11.8,11.6,11.4,11.2,10.9,10.6,10.3,10.0,9.7,9.4,9.2
COL,Colombia,,Stunting,Proportion,Upper Uncertainty Bound,18.7,18.3,18.0,17.7,17.3,16.9,16.5,15.9,15.3,14.8,14.3,13.9,13.7,13.5,13.4,13.4,13.5,13.5,13.5,13.5,13.6,13.6,13.7
COM,Comoros,,Stunting,Proportion,Point Estimate,43.9,43.8,43.6,43.0,42.5,41.8,40.9,40.0,38.7,37.2,35.5,33.7,31.9,30.2,28.6,27.2,25.8,24.4,23.0,21.7,20.6,19.6,18.8
COM,Comoros,,Stunting,Proportion,Lower Uncertainty Bound,41.4,41.1,40.5,39.7,38.9,38.0,37.1,36.2,35.2,34.0,32.6,31.0,29.3,27.4,25.5,23.5,21.7,19.8,18.1,16.5,15.1,13.9,12.9
COM,Comoros,,Stunting,Proportion,Upper Uncertainty Bound,46.4,46.6,46.7,46.5,46.1,45.6,44.9,43.8,42.3,40.5,38.5,36.5,34.7,33.2,32.0,31.1,30.3,29.6,28.8,28.1,27.4,26.9,26.5
COG,Congo,,Stunting,Proportion,Point Estimate,33.7,33.6,33.4,32.6,31.8,30.9,30.0,29.2,28.0,26.8,25.5,24.2,23.1,22.2,21.5,20.9,20.3,19.7,19.1,18.5,17.8,17.1,16.5
COG,Congo,,Stunting,Proportion,Lower Uncertainty Bound,27.2,28.1,28.8,28.9,28.8,28.5,27.8,27.1,26.1,25.0,23.8,22.7,21.6,20.7,19.8,18.8,18.0,17.0,16.1,15.2,14.3,13.4,12.7
COG,Congo,,Stunting,Proportion,Upper Uncertainty Bound,40.8,39.6,38.3,36.5,34.9,33.5,32.3,31.3,30.0,28.7,27.2,25.8,24.7,23.9,23.4,23.0,22.9,22.8,22.6,22.3,22.0,21.6,21.2
COK,Cook Islands,,Stunting,Proportion,Point Estimate,-,-,-,-,-,-,-,-,-,-,-,-,-,-,-,-,-,-,-,-,-,-,-
COK,Cook Islands,,Stunting,Proportion,Lower Uncertainty Bound,-,-,-,-,-,-,-,-,-,-,-,-,-,-,-,-,-,-,-,-,-,-,-
COK,Cook Islands,,Stunting,Proportion,Upper Uncertainty Bound,-,-,-,-,-,-,-,-,-,-,-,-,-,-,-,-,-,-,-,-,-,-,-
CRI,Costa Rica,,Stunting,Proportion,Point Estimate,6.8,6.6,6.4,6.2,6.0,5.9,5.9,5.9,6.0,6.0,6.1,6.2,6.4,6.7,7.0,7.3,7.7,8.0,8.3,8.6,8.9,9.2,9.5
CRI,Costa Rica,,Stunting,Proportion,Lower Uncertainty Bound,5.5,5.4,5.3,5.2,5.0,5.0,4.9,5.0,5.0,5.1,5.2,5.4,5.6,5.9,6.2,6.6,6.9,7.1,7.3,7.5,7.6,7.8,7.9
CRI,Costa Rica,,Stunting,Proportion,Upper Uncertainty Bound,8.3,8.0,7.7,7.4,7.2,7.1,7.0,7.0,7.0,7.0,7.1,7.2,7.3,7.5,7.8,8.2,8.6,9.0,9.4,9.9,10.3,10.8,11.3
HRV,Croatia,,Stunting,Proportion,Point Estimate,-,-,-,-,-,-,-,-,-,-,-,-,-,-,-,-,-,-,-,-,-,-,-
HRV,Croatia,,Stunting,Proportion,Lower Uncertainty Bound,-,-,-,-,-,-,-,-,-,-,-,-,-,-,-,-,-,-,-,-,-,-,-
HRV,Croatia,,Stunting,Proportion,Upper Uncertainty Bound,-,-,-,-,-,-,-,-,-,-,-,-,-,-,-,-,-,-,-,-,-,-,-
CUB,Cuba,,Stunting,Proportion,Point Estimate,7.2,7.2,7.2,7.2,7.4,7.6,7.6,7.7,7.7,7.4,7.2,7.1,7.0,7.0,7.0,7.0,7.1,7.1,7.1,7.1,7.0,7.0,7.0
CUB,Cuba,,Stunting,Proportion,Lower Uncertainty Bound,5.9,6.0,5.9,5.8,5.8,5.8,5.7,5.7,5.7,5.5,5.5,5.5,5.5,5.6,5.8,5.9,6.1,6.2,6.3,6.2,6.1,6.0,5.9
CUB,Cuba,,Stunting,Proportion,Upper Uncertainty Bound,8.6,8.7,8.8,9.0,9.5,9.9,10.1,10.3,10.3,9.9,9.6,9.3,9.0,8.7,8.5,8.3,8.2,8.1,8.0,8.0,8.0,8.1,8.2
CYP,Cyprus,,Stunting,Proportion,Point Estimate,-,-,-,-,-,-,-,-,-,-,-,-,-,-,-,-,-,-,-,-,-,-,-
CYP,Cyprus,,Stunting,Proportion,Lower Uncertainty Bound,-,-,-,-,-,-,-,-,-,-,-,-,-,-,-,-,-,-,-,-,-,-,-
CYP,Cyprus,,Stunting,Proportion,Upper Uncertainty Bound,-,-,-,-,-,-,-,-,-,-,-,-,-,-,-,-,-,-,-,-,-,-,-
CZE,Czechia,,Stunting,Proportion,Point Estimate,2.6,2.6,2.7,2.7,2.7,2.7,2.7,2.7,2.6,2.6,2.5,2.5,2.5,2.5,2.5,2.5,2.5,2.5,2.5,2.5,2.5,2.5,2.5
CZE,Czechia,,Stunting,Proportion,Lower Uncertainty Bound,2.3,2.3,2.3,2.2,2.2,2.1,2.0,1.9,1.8,1.8,1.7,1.6,1.5,1.5,1.5,1.4,1.4,1.3,1.3,1.3,1.2,1.2,1.1
CZE,Czechia,,Stunting,Proportion,Upper Uncertainty Bound,3.0,3.0,3.0,3.1,3.3,3.4,3.6,3.7,3.8,3.8,3.8,3.9,3.9,4.0,4.1,4.3,4.4,4.6,4.8,4.9,5.1,5.2,5.4
CIV,Côte d'Ivoire,,Stunting,Proportion,Point Estimate,32.6,32.8,33.1,33.2,33.4,33.5,33.6,33.4,33.0,32.3,31.4,30.5,29.6,28.7,27.7,26.9,25.9,24.8,23.8,22.8,21.8,20.9,20.2
CIV,Côte d'Ivoire,,Stunting,Proportion,Lower Uncertainty Bound,30.3,30.6,30.8,31.0,31.1,31.3,31.4,31.3,30.9,30.3,29.5,28.7,28.0,27.2,26.3,25.5,24.5,23.4,22.3,21.3,20.2,19.2,18.3
CIV,Côte d'Ivoire,,Stunting,Proportion,Upper Uncertainty Bound,34.9,35.2,35.4,35.5,35.7,35.8,35.9,35.7,35.2,34.4,33.4,32.3,31.3,30.2,29.2,28.3,27.4,26.3,25.4,24.5,23.6,22.8,22.3
PRK,Democratic People's Republic of Korea,,Stunting,Proportion,Point Estimate,52.7,51.0,49.0,46.2,43.6,41.2,38.7,36.2,33.7,31.3,29.2,27.3,25.7,24.4,23.3,22.3,21.4,20.5,19.8,19.0,18.2,17.5,16.8
PRK,Democratic People's Republic of Korea,,Stunting,Proportion,Lower Uncertainty Bound,50.4,48.9,47.1,44.3,41.7,39.2,36.6,34.1,31.7,29.5,27.5,25.8,24.3,23.0,21.9,20.8,19.7,18.7,17.7,16.8,15.8,14.9,14.1
PRK,Democratic People's Republic of Korea,,Stunting,Proportion,Upper Uncertainty Bound,55.0,53.1,51.0,48.1,45.6,43.2,40.8,38.3,35.7,33.2,30.9,28.9,27.2,25.9,24.8,23.9,23.2,22.5,22.0,21.5,20.9,20.4,19.9
COD,Democratic Republic of the Congo,,Stunting,Proportion,Point Estimate,46.0,46.0,46.0,46.0,45.9,45.7,45.5,45.2,44.7,44.3,43.7,43.2,42.7,42.3,42.0,41.8,41.7,41.7,41.6,41.4,41.1,40.7,40.3
COD,Democratic Republic of the Congo,,Stunting,Proportion,Lower Uncertainty Bound,43.5,43.6,43.8,43.8,43.8,43.6,43.5,43.2,42.7,42.4,41.9,41.5,41.1,40.6,40.2,39.8,39.4,39.0,38.6,38.0,37.3,36.5,35.8
COD,Democratic Republic of the Congo,,Stunting,Proportion,Upper Uncertainty Bound,48.6,48.4,48.3,48.1,48.0,47.8,47.6,47.3,46.8,46.2,45.6,45.0,44.4,44.0,43.8,43.8,44.0,44.3,44.6,44.8,45.0,45.0,45.1
DNK,Denmark,,Stunting,Proportion,Point Estimate,-,-,-,-,-,-,-,-,-,-,-,-,-,-,-,-,-,-,-,-,-,-,-
DNK,Denmark,,Stunting,Proportion,Lower Uncertainty Bound,-,-,-,-,-,-,-,-,-,-,-,-,-,-,-,-,-,-,-,-,-,-,-
DNK,Denmark,,Stunting,Proportion,Upper Uncertainty Bound,-,-,-,-,-,-,-,-,-,-,-,-,-,-,-,-,-,-,-,-,-,-,-
DJI,Djibouti,,Stunting,Proportion,Point Estimate,33.7,34.3,34.9,35.4,35.7,35.8,35.7,35.2,34.4,33.4,32.2,30.9,29.6,28.4,27.2,26.1,24.9,23.7,22.6,21.5,20.5,19.5,18.7
DJI,Djibouti,,Stunting,Proportion,Lower Uncertainty Bound,29.8,30.5,31.2,31.8,32.2,32.4,32.4,32.1,31.5,30.7,29.8,28.8,27.7,26.7,25.6,24.5,23.3,22.0,20.7,19.5,18.3,17.2,16.3
DJI,Djibouti,,Stunting,Proportion,Upper Uncertainty Bound,37.7,38.3,38.8,39.2,39.4,39.4,39.1,38.5,37.4,36.1,34.7,33.1,31.5,30.1,28.8,27.7,26.6,25.5,24.6,23.6,22.8,22.0,21.4
DMA,Dominica,,Stunting,Proportion,Point Estimate,-,-,-,-,-,-,-,-,-,-,-,-,-,-,-,-,-,-,-,-,-,-,-
DMA,Dominica,,Stunting,Proportion,Lower Uncertainty Bound,-,-,-,-,-,-,-,-,-,-,-,-,-,-,-,-,-,-,-,-,-,-,-
DMA,Dominica,,Stunting,Proportion,Upper Uncertainty Bound,-,-,-,-,-,-,-,-,-,-,-,-,-,-,-,-,-,-,-,-,-,-,-
DOM,Dominican Republic,,Stunting,Proportion,Point Estimate,10.1,9.7,9.5,9.3,9.1,9.0,8.9,8.8,8.7,8.6,8.4,8.2,7.9,7.7,7.6,7.4,7.2,7.0,6.8,6.5,6.2,5.9,5.6
DOM,Dominican Republic,,Stunting,Proportion,Lower Uncertainty Bound,9.4,9.1,8.9,8.7,8.6,8.4,8.3,8.2,8.1,8.0,7.8,7.6,7.4,7.2,7.0,6.9,6.7,6.4,6.2,5.8,5.5,5.2,4.9
DOM,Dominican Republic,,Stunting,Proportion,Upper Uncertainty Bound,10.7,10.4,10.0,9.8,9.7,9.6,9.5,9.4,9.3,9.2,9.0,8.7,8.5,8.3,8.1,8.0,7.8,7.7,7.5,7.3,7.0,6.8,6.5
ECU,Ecuador,,Stunting,Proportion,Point Estimate,27.7,27.4,27.3,27.3,27.6,27.8,28.1,28.1,27.8,27.2,26.4,25.4,24.4,23.7,23.1,23.0,23.1,23.1,23.2,23.2,23.1,22.8,22.7
ECU,Ecuador,,Stunting,Proportion,Lower Uncertainty Bound,25.3,25.4,25.5,25.7,26.0,26.3,26.5,26.5,26.2,25.6,24.9,24.0,23.2,22.4,21.9,21.7,21.8,21.6,21.5,21.3,21.0,20.5,20.2
ECU,Ecuador,,Stunting,Proportion,Upper Uncertainty Bound,30.2,29.6,29.2,29.0,29.1,29.4,29.7,29.8,29.5,28.8,27.9,26.8,25.8,25.0,24.4,24.3,24.5,24.7,25.0,25.3,25.3,25.3,25.4
EGY,Egypt,,Stunting,Proportion,Point Estimate,25.9,25.5,25.1,24.8,24.5,24.4,24.4,24.6,24.9,25.3,25.4,25.2,24.6,23.7,23.0,22.5,22.2,21.9,21.7,21.4,21.1,20.7,20.4
EGY,Egypt,,Stunting,Proportion,Lower Uncertainty Bound,24.6,24.3,24.0,23.6,23.3,23.1,23.1,23.2,23.5,23.8,23.9,23.6,22.9,21.9,21.0,20.2,19.6,19.0,18.4,17.9,17.3,16.7,16.2
EGY,Egypt,,Stunting,Proportion,Upper Uncertainty Bound,27.2,26.7,26.3,26.0,25.8,25.7,25.8,26.1,26.4,26.7,27.0,26.8,26.3,25.6,25.1,25.0,25.0,25.1,25.3,25.4,25.4,25.4,25.5
SLV,El Salvador,,Stunting,Proportion,Point Estimate,28.7,27.7,26.6,25.6,24.5,23.5,22.4,21.3,20.0,18.7,17.5,16.4,15.5,14.6,13.9,13.1,12.4,11.8,11.4,11.0,10.7,10.3,10.0
SLV,El Salvador,,Stunting,Proportion,Lower Uncertainty Bound,26.9,25.9,25.0,23.9,22.9,21.9,20.8,19.7,18.5,17.4,16.2,15.2,14.3,13.4,12.5,11.7,10.8,10.0,9.5,9.0,8.5,8.0,7.6
SLV,El Salvador,,Stunting,Proportion,Upper Uncertainty Bound,30.6,29.5,28.4,27.3,26.2,25.2,24.1,22.9,21.6,20.1,18.8,17.7,16.7,16.0,15.3,14.8,14.3,13.8,13.6,13.5,13.3,13.2,13.1
GNQ,Equatorial Guinea,,Stunting,Proportion,Point Estimate,38.8,37.8,37.0,36.2,35.4,34.5,33.6,32.5,31.2,29.7,28.1,26.6,25.0,23.7,22.6,21.6,20.8,19.9,19.0,18.1,17.3,16.6,16.1
GNQ,Equatorial Guinea,,Stunting,Proportion,Lower Uncertainty Bound,36.9,35.9,35.1,34.2,33.2,32.3,31.3,30.3,29.0,27.5,26.0,24.3,22.5,20.9,19.4,18.0,16.8,15.6,14.4,13.3,12.3,11.5,10.8
GNQ,Equatorial Guinea,,Stunting,Proportion,Upper Uncertainty Bound,40.7,39.7,39.0,38.3,37.6,36.8,36.0,34.9,33.5,31.9,30.4,29.0,27.8,26.8,26.2,25.7,25.4,25.0,24.6,24.2,23.8,23.4,23.3
ERI,Eritrea,,Stunting,Proportion,Point Estimate,43.5,43.6,44.0,44.8,45.7,46.8,48.0,49.0,50.0,50.7,51.2,51.4,51.6,51.9,52.0,52.2,52.3,52.4,52.1,51.8,51.3,50.8,50.2
ERI,Eritrea,,Stunting,Proportion,Lower Uncertainty Bound,40.9,41.0,41.4,42.1,43.0,44.1,45.2,46.2,47.3,47.9,48.2,48.1,47.7,47.3,46.5,45.9,45.0,44.0,42.9,41.5,40.2,38.9,37.5
ERI,Eritrea,,Stunting,Proportion,Upper Uncertainty Bound,46.1,46.2,46.6,47.4,48.4,49.6,50.8,51.8,52.8,53.5,54.2,54.7,55.5,56.5,57.4,58.5,59.6,60.5,61.3,61.9,62.3,62.6,62.8
EST,Estonia,,Stunting,Proportion,Point Estimate,2.0,1.9,1.8,1.7,1.7,1.6,1.6,1.5,1.5,1.4,1.4,1.3,1.3,1.3,1.3,1.3,1.3,1.3,1.3,1.3,1.2,1.2,1.2
EST,Estonia,,Stunting,Proportion,Lower Uncertainty Bound,1.0,1.0,1.0,1.0,1.0,1.0,1.0,1.0,1.0,1.0,1.0,1.0,1.0,1.1,1.1,1.1,1.0,1.0,1.0,0.9,0.9,0.8,0.8
EST,Estonia,,Stunting,Proportion,Upper Uncertainty Bound,3.9,3.5,3.2,3.0,2.8,2.6,2.4,2.3,2.1,2.0,1.8,1.7,1.6,1.5,1.5,1.5,1.5,1.6,1.7,1.7,1.8,1.8,1.9
SWZ,Eswatini,,Stunting,Proportion,Point Estimate,35.8,35.7,35.4,35.0,34.4,33.9,33.4,32.8,32.0,31.2,30.2,29.0,28.0,27.1,26.3,25.6,24.9,24.3,23.6,23.1,22.4,21.8,21.2
SWZ,Eswatini,,Stunting,Proportion,Lower Uncertainty Bound,33.1,33.3,33.3,33.0,32.5,32.0,31.5,31.0,30.3,29.6,28.6,27.5,26.3,25.3,24.2,23.1,22.1,21.1,20.0,19.2,18.3,17.4,16.6
SWZ,Eswatini,,Stunting,Proportion,Upper Uncertainty Bound,38.7,38.1,37.6,37.0,36.3,35.8,35.3,34.6,33.8,32.8,31.8,30.6,29.6,29.0,28.5,28.2,28.0,27.8,27.5,27.4,27.2,26.9,26.6
ETH,Ethiopia,,Stunting,Proportion,Point Estimate,57.0,55.8,54.7,53.6,52.5,51.3,50.2,48.9,47.6,46.1,44.7,43.3,42.1,41.1,40.3,39.5,38.8,38.1,37.4,36.6,35.8,35.1,34.4
ETH,Ethiopia,,Stunting,Proportion,Lower Uncertainty Bound,54.4,53.4,52.4,51.5,50.4,49.2,48.0,46.7,45.3,44.0,42.7,41.4,40.4,39.5,38.8,38.0,37.2,36.3,35.4,34.3,33.3,32.3,31.3
ETH,Ethiopia,,Stunting,Proportion,Upper Uncertainty Bound,59.6,58.2,56.9,55.7,54.6,53.5,52.4,51.2,49.8,48.3,46.8,45.3,43.9,42.8,41.8,41.1,40.4,39.9,39.4,38.9,38.5,38.0,37.6
FJI,Fiji,,Stunting,Proportion,Point Estimate,5.8,6.1,6.5,6.9,7.1,7.5,8.3,8.6,8.9,9.0,9.0,8.5,8.5,8.3,8.2,7.9,7.7,7.4,7.3,7.2,7.1,7.1,7.1
FJI,Fiji,,Stunting,Proportion,Lower Uncertainty Bound,4.8,5.3,5.7,6.0,6.3,6.6,7.2,7.4,7.6,7.7,7.7,7.3,7.3,7.2,7.1,7.0,6.8,6.5,6.5,6.4,6.3,6.3,6.2
FJI,Fiji,,Stunting,Proportion,Upper Uncertainty Bound,6.8,7.2,7.5,7.8,8.1,8.6,9.5,10.0,10.4,10.6,10.6,10.0,9.9,9.6,9.4,9.0,8.7,8.3,8.1,8.1,8.0,8.0,8.1
FIN,Finland,,Stunting,Proportion,Point Estimate,-,-,-,-,-,-,-,-,-,-,-,-,-,-,-,-,-,-,-,-,-,-,-
FIN,Finland,,Stunting,Proportion,Lower Uncertainty Bound,-,-,-,-,-,-,-,-,-,-,-,-,-,-,-,-,-,-,-,-,-,-,-
FIN,Finland,,Stunting,Proportion,Upper Uncertainty Bound,-,-,-,-,-,-,-,-,-,-,-,-,-,-,-,-,-,-,-,-,-,-,-
FRA,France,,Stunting,Proportion,Point Estimate,-,-,-,-,-,-,-,-,-,-,-,-,-,-,-,-,-,-,-,-,-,-,-
FRA,France,,Stunting,Proportion,Lower Uncertainty Bound,-,-,-,-,-,-,-,-,-,-,-,-,-,-,-,-,-,-,-,-,-,-,-
FRA,France,,Stunting,Proportion,Upper Uncertainty Bound,-,-,-,-,-,-,-,-,-,-,-,-,-,-,-,-,-,-,-,-,-,-,-
GAB,Gabon,,Stunting,Proportion,Point Estimate,25.5,25.2,24.9,24.4,23.9,23.3,22.7,22.1,21.1,20.1,19.0,18.1,17.2,16.6,16.2,15.9,15.5,15.2,14.9,14.6,14.2,13.8,13.4
GAB,Gabon,,Stunting,Proportion,Lower Uncertainty Bound,23.2,23.1,22.7,22.2,21.6,20.9,20.2,19.6,18.7,17.9,17.0,16.3,15.6,15.2,14.9,14.7,14.3,14.0,13.6,13.2,12.7,12.2,11.8
GAB,Gabon,,Stunting,Proportion,Upper Uncertainty Bound,28.0,27.5,27.2,26.8,26.4,26.0,25.4,24.8,23.7,22.5,21.2,20.1,18.9,18.2,17.6,17.2,16.8,16.5,16.3,16.1,15.8,15.5,15.3
GMB,Gambia,,Stunting,Proportion,Point Estimate,27.8,27.7,27.6,27.4,27.2,27.1,26.8,26.5,25.9,25.1,24.2,23.2,22.3,21.4,20.6,19.8,18.9,18.0,17.0,15.7,15.0,14.3,13.6
GMB,Gambia,,Stunting,Proportion,Lower Uncertainty Bound,26.0,26.0,26.0,26.0,25.9,25.8,25.7,25.3,24.8,24.1,23.3,22.4,21.5,20.7,19.9,19.1,18.3,17.3,16.3,15.0,14.2,13.4,12.6
GMB,Gambia,,Stunting,Proportion,Upper Uncertainty Bound,29.8,29.5,29.2,28.9,28.6,28.4,28.1,27.6,27.0,26.1,25.1,24.1,23.1,22.1,21.3,20.4,19.6,18.7,17.7,16.5,15.8,15.2,14.7
GEO,Georgia,,Stunting,Proportion,Point Estimate,16.1,15.8,15.5,15.2,14.8,14.5,14.0,13.2,12.2,11.3,10.4,9.5,8.8,8.3,7.8,7.3,6.8,6.4,6.0,5.6,5.3,5.0,4.8
GEO,Georgia,,Stunting,Proportion,Lower Uncertainty Bound,14.1,14.1,14.0,13.9,13.7,13.4,12.9,12.1,11.2,10.3,9.5,8.7,8.1,7.6,7.1,6.6,6.2,5.7,5.3,4.9,4.5,4.2,4.0
GEO,Georgia,,Stunting,Proportion,Upper Uncertainty Bound,18.2,17.6,17.0,16.5,16.1,15.7,15.1,14.3,13.3,12.3,11.3,10.3,9.6,9.0,8.5,8.0,7.6,7.1,6.7,6.4,6.1,5.9,5.7
DEU,Germany,,Stunting,Proportion,Point Estimate,1.2,1.2,1.2,1.2,1.2,1.2,1.3,1.3,1.4,1.4,1.4,1.5,1.5,1.6,1.6,1.7,1.8,1.8,1.9,2.0,2.0,2.1,2.1
DEU,Germany,,Stunting,Proportion,Lower Uncertainty Bound,0.9,0.9,1.0,1.0,1.0,1.1,1.1,1.1,1.1,1.2,1.2,1.2,1.3,1.3,1.4,1.5,1.5,1.6,1.6,1.6,1.6,1.6,1.6
DEU,Germany,,Stunting,Proportion,Upper Uncertainty Bound,1.5,1.5,1.4,1.4,1.4,1.4,1.5,1.5,1.6,1.6,1.7,1.7,1.7,1.8,1.9,2.0,2.1,2.2,2.3,2.4,2.6,2.7,2.8
GHA,Ghana,,Stunting,Proportion,Point Estimate,32.6,32.3,31.9,31.5,31.0,30.4,29.7,28.8,27.6,26.3,24.9,23.4,22.0,20.7,19.5,18.5,17.6,16.8,15.9,15.0,14.2,13.4,12.7
GHA,Ghana,,Stunting,Proportion,Lower Uncertainty Bound,31.0,30.7,30.5,30.1,29.5,29.0,28.3,27.3,26.2,25.0,23.7,22.3,21.0,19.7,18.5,17.4,16.4,15.4,14.4,13.4,12.5,11.6,10.9
GHA,Ghana,,Stunting,Proportion,Upper Uncertainty Bound,34.2,33.8,33.4,32.9,32.4,31.9,31.2,30.2,29.0,27.6,26.1,24.6,23.1,21.8,20.7,19.7,19.0,18.2,17.5,16.8,16.1,15.4,14.9
GRC,Greece,,Stunting,Proportion,Point Estimate,2.5,2.4,2.4,2.3,2.3,2.2,2.2,2.1,2.1,2.1,2.0,2.0,2.0,2.0,2.1,2.1,2.1,2.1,2.2,2.2,2.2,2.2,2.2
GRC,Greece,,Stunting,Proportion,Lower Uncertainty Bound,2.0,2.0,2.0,2.0,2.0,1.9,1.8,1.7,1.6,1.5,1.5,1.4,1.3,1.3,1.3,1.3,1.2,1.2,1.2,1.1,1.1,1.0,1.0
GRC,Greece,,Stunting,Proportion,Upper Uncertainty Bound,3.1,2.9,2.7,2.6,2.6,2.6,2.7,2.7,2.8,2.8,2.9,2.9,3.0,3.1,3.3,3.4,3.6,3.8,4.0,4.1,4.3,4.4,4.5
GRD,Grenada,,Stunting,Proportion,Point Estimate,-,-,-,-,-,-,-,-,-,-,-,-,-,-,-,-,-,-,-,-,-,-,-
GRD,Grenada,,Stunting,Proportion,Lower Uncertainty Bound,-,-,-,-,-,-,-,-,-,-,-,-,-,-,-,-,-,-,-,-,-,-,-
GRD,Grenada,,Stunting,Proportion,Upper Uncertainty Bound,-,-,-,-,-,-,-,-,-,-,-,-,-,-,-,-,-,-,-,-,-,-,-
GTM,Guatemala,,Stunting,Proportion,Point Estimate,53.2,53.3,53.2,52.9,52.6,52.2,51.9,51.4,50.6,49.6,48.7,47.8,47.1,46.5,46.0,46.0,45.8,45.5,45.3,44.9,44.2,43.7,43.5
GTM,Guatemala,,Stunting,Proportion,Lower Uncertainty Bound,51.5,51.6,51.4,51.0,50.6,50.2,49.8,49.2,48.4,47.5,46.7,45.9,45.4,45.0,44.6,44.6,44.4,44.0,43.5,42.9,42.0,41.2,40.6
GTM,Guatemala,,Stunting,Proportion,Upper Uncertainty Bound,54.9,55.0,54.9,54.8,54.5,54.3,54.1,53.6,52.7,51.7,50.7,49.6,48.7,48.0,47.4,47.3,47.2,47.1,47.0,46.9,46.5,46.3,46.3
GIN,Guinea,,Stunting,Proportion,Point Estimate,33.0,33.5,34.0,34.6,35.1,35.5,35.9,36.0,35.9,35.6,35.0,34.4,33.7,33.2,32.7,32.2,31.7,31.1,30.5,29.8,29.1,28.5,27.9
GIN,Guinea,,Stunting,Proportion,Lower Uncertainty Bound,31.0,31.6,32.2,32.9,33.4,34.0,34.4,34.6,34.5,34.3,33.8,33.3,32.7,32.2,31.6,31.0,30.3,29.5,28.6,27.6,26.7,25.8,25.0
GIN,Guinea,,Stunting,Proportion,Upper Uncertainty Bound,35.1,35.5,35.9,36.3,36.7,37.1,37.5,37.6,37.3,36.9,36.2,35.5,34.7,34.2,33.8,33.5,33.2,32.8,32.5,32.0,31.7,31.3,31.1
GNB,Guinea-Bissau,,Stunting,Proportion,Point Estimate,33.8,33.4,33.0,32.7,32.3,32.0,31.8,31.5,31.1,30.7,30.3,29.8,29.3,29.1,28.9,28.8,28.8,28.7,28.7,28.5,28.2,27.9,27.7
GNB,Guinea-Bissau,,Stunting,Proportion,Lower Uncertainty Bound,31.1,31.0,30.8,30.6,30.3,30.0,29.7,29.5,29.1,28.8,28.5,28.1,27.9,27.8,27.7,27.8,27.8,27.8,27.7,27.5,27.0,26.5,26.0
GNB,Guinea-Bissau,,Stunting,Proportion,Upper Uncertainty Bound,36.6,35.9,35.4,34.9,34.5,34.2,33.9,33.6,33.2,32.7,32.1,31.4,30.9,30.4,30.1,29.9,29.8,29.7,29.7,29.6,29.4,29.3,29.4
GUY,Guyana,,Stunting,Proportion,Point Estimate,14.5,15.1,15.7,16.3,16.8,17.3,17.7,17.7,17.5,17.1,16.4,15.5,14.5,13.6,12.6,11.8,11.1,10.3,9.7,9.1,8.5,8.0,7.6
GUY,Guyana,,Stunting,Proportion,Lower Uncertainty Bound,13.4,13.9,14.6,15.2,15.7,16.2,16.5,16.5,16.3,15.9,15.3,14.5,13.6,12.7,11.8,11.0,10.2,9.5,8.8,8.2,7.6,7.0,6.6
GUY,Guyana,,Stunting,Proportion,Upper Uncertainty Bound,15.7,16.3,16.9,17.5,18.0,18.5,18.9,19.0,18.8,18.3,17.5,16.5,15.5,14.5,13.5,12.7,11.9,11.2,10.6,10.1,9.6,9.1,8.8
HTI,Haiti,,Stunting,Proportion,Point Estimate,30.3,29.8,29.3,28.8,28.4,28.0,27.6,27.2,26.6,25.9,25.2,24.4,23.8,23.2,22.6,22.2,21.8,21.4,21.1,20.7,20.3,19.9,19.5
HTI,Haiti,,Stunting,Proportion,Lower Uncertainty Bound,28.5,28.0,27.6,27.1,26.7,26.4,26.0,25.6,25.1,24.5,24.0,23.4,22.8,22.2,21.5,21.0,20.4,19.7,19.1,18.5,17.9,17.3,16.7
HTI,Haiti,,Stunting,Proportion,Upper Uncertainty Bound,32.3,31.6,31.1,30.6,30.1,29.7,29.3,28.8,28.1,27.3,26.4,25.5,24.8,24.2,23.8,23.5,23.4,23.3,23.2,23.1,22.9,22.8,22.6
VAT,Holy See,,Stunting,Proportion,Point Estimate,-,-,-,-,-,-,-,-,-,-,-,-,-,-,-,-,-,-,-,-,-,-,-
VAT,Holy See,,Stunting,Proportion,Lower Uncertainty Bound,-,-,-,-,-,-,-,-,-,-,-,-,-,-,-,-,-,-,-,-,-,-,-
VAT,Holy See,,Stunting,Proportion,Upper Uncertainty Bound,-,-,-,-,-,-,-,-,-,-,-,-,-,-,-,-,-,-,-,-,-,-,-
HND,Honduras,,Stunting,Proportion,Point Estimate,36.6,35.7,34.6,33.5,32.3,31.2,30.0,28.7,27.4,25.9,24.4,23.1,22.0,21.2,20.7,20.4,20.1,19.8,19.4,18.9,18.4,17.9,17.5
HND,Honduras,,Stunting,Proportion,Lower Uncertainty Bound,34.7,33.8,32.8,31.7,30.5,29.3,28.1,26.9,25.5,24.2,22.8,21.6,20.6,19.9,19.4,19.1,18.7,18.3,17.8,17.2,16.5,15.9,15.4
HND,Honduras,,Stunting,Proportion,Upper Uncertainty Bound,38.6,37.6,36.5,35.3,34.2,33.1,32.0,30.7,29.2,27.7,26.1,24.6,23.4,22.6,22.1,21.8,21.6,21.4,21.1,20.8,20.4,20.1,19.8
HUN,Hungary,,Stunting,Proportion,Point Estimate,-,-,-,-,-,-,-,-,-,-,-,-,-,-,-,-,-,-,-,-,-,-,-
HUN,Hungary,,Stunting,Proportion,Lower Uncertainty Bound,-,-,-,-,-,-,-,-,-,-,-,-,-,-,-,-,-,-,-,-,-,-,-
HUN,Hungary,,Stunting,Proportion,Upper Uncertainty Bound,-,-,-,-,-,-,-,-,-,-,-,-,-,-,-,-,-,-,-,-,-,-,-
ISL,Iceland,,Stunting,Proportion,Point Estimate,-,-,-,-,-,-,-,-,-,-,-,-,-,-,-,-,-,-,-,-,-,-,-
ISL,Iceland,,Stunting,Proportion,Lower Uncertainty Bound,-,-,-,-,-,-,-,-,-,-,-,-,-,-,-,-,-,-,-,-,-,-,-
ISL,Iceland,,Stunting,Proportion,Upper Uncertainty Bound,-,-,-,-,-,-,-,-,-,-,-,-,-,-,-,-,-,-,-,-,-,-,-
IND,India,,Stunting,Proportion,Point Estimate,50.0,49.5,49.1,48.7,48.3,47.9,47.4,46.8,46.1,45.2,44.0,42.8,41.6,40.4,39.3,38.3,37.3,36.3,35.4,34.4,33.5,32.5,31.7
IND,India,,Stunting,Proportion,Lower Uncertainty Bound,47.8,47.3,46.9,46.5,46.0,45.5,45.0,44.3,43.6,42.7,41.8,40.7,39.7,38.7,37.7,36.8,35.9,34.8,33.7,32.6,31.4,30.3,29.2
IND,India,,Stunting,Proportion,Upper Uncertainty Bound,52.3,51.7,51.3,50.9,50.6,50.3,49.9,49.4,48.6,47.6,46.3,44.9,43.5,42.1,40.8,39.7,38.7,37.9,37.1,36.3,35.6,34.9,34.3
IDN,Indonesia,,Stunting,Proportion,Point Estimate,40.4,39.8,39.2,38.8,38.4,38.1,37.9,37.5,37.1,36.6,35.9,35.2,34.6,34.1,33.6,33.3,33.0,32.7,32.5,32.2,31.9,31.4,31.0
IDN,Indonesia,,Stunting,Proportion,Lower Uncertainty Bound,38.7,38.2,37.7,37.3,36.9,36.6,36.3,35.9,35.4,34.9,34.3,33.7,33.1,32.6,32.0,31.6,31.1,30.6,30.1,29.5,28.9,28.2,27.5
IDN,Indonesia,,Stunting,Proportion,Upper Uncertainty Bound,42.3,41.4,40.8,40.3,39.9,39.7,39.5,39.2,38.8,38.2,37.5,36.8,36.1,35.6,35.2,35.0,35.0,34.9,34.9,35.0,35.0,34.9,34.8
IRN,Iran (Islamic Republic of),,Stunting,Proportion,Point Estimate,15.2,13.7,12.3,11.0,9.9,9.0,8.3,7.7,7.2,6.8,6.4,6.1,5.9,5.7,5.6,5.5,5.5,5.3,5.2,5.1,4.9,4.8,4.7
IRN,Iran (Islamic Republic of),,Stunting,Proportion,Lower Uncertainty Bound,13.6,12.2,10.9,9.8,8.8,7.9,7.3,6.7,6.3,6.0,5.6,5.4,5.2,5.0,4.8,4.7,4.5,4.3,4.1,3.9,3.7,3.5,3.3
IRN,Iran (Islamic Republic of),,Stunting,Proportion,Upper Uncertainty Bound,16.9,15.3,13.8,12.4,11.3,10.3,9.5,8.8,8.2,7.7,7.2,6.9,6.7,6.6,6.5,6.6,6.6,6.6,6.6,6.6,6.6,6.5,6.5
IRQ,Iraq,,Stunting,Proportion,Point Estimate,27.9,27.8,27.7,27.6,27.4,27.1,26.7,26.0,25.1,23.9,22.5,21.0,19.6,18.1,17.0,16.0,15.0,14.0,13.1,12.2,11.3,10.5,9.9
IRQ,Iraq,,Stunting,Proportion,Lower Uncertainty Bound,25.9,26.0,26.1,26.2,26.0,25.6,25.1,24.4,23.5,22.4,21.1,19.7,18.3,16.9,15.8,14.8,13.8,12.8,11.8,10.9,9.9,9.1,8.4
IRQ,Iraq,,Stunting,Proportion,Upper Uncertainty Bound,30.0,29.6,29.3,29.1,28.9,28.6,28.3,27.6,26.8,25.5,24.0,22.5,20.9,19.4,18.2,17.2,16.2,15.4,14.5,13.7,12.9,12.2,11.6
IRL,Ireland,,Stunting,Proportion,Point Estimate,-,-,-,-,-,-,-,-,-,-,-,-,-,-,-,-,-,-,-,-,-,-,-
IRL,Ireland,,Stunting,Proportion,Lower Uncertainty Bound,-,-,-,-,-,-,-,-,-,-,-,-,-,-,-,-,-,-,-,-,-,-,-
IRL,Ireland,,Stunting,Proportion,Upper Uncertainty Bound,-,-,-,-,-,-,-,-,-,-,-,-,-,-,-,-,-,-,-,-,-,-,-
ISR,Israel,,Stunting,Proportion,Point Estimate,-,-,-,-,-,-,-,-,-,-,-,-,-,-,-,-,-,-,-,-,-,-,-
ISR,Israel,,Stunting,Proportion,Lower Uncertainty Bound,-,-,-,-,-,-,-,-,-,-,-,-,-,-,-,-,-,-,-,-,-,-,-
ISR,Israel,,Stunting,Proportion,Upper Uncertainty Bound,-,-,-,-,-,-,-,-,-,-,-,-,-,-,-,-,-,-,-,-,-,-,-
ITA,Italy,,Stunting,Proportion,Point Estimate,-,-,-,-,-,-,-,-,-,-,-,-,-,-,-,-,-,-,-,-,-,-,-
ITA,Italy,,Stunting,Proportion,Lower Uncertainty Bound,-,-,-,-,-,-,-,-,-,-,-,-,-,-,-,-,-,-,-,-,-,-,-
ITA,Italy,,Stunting,Proportion,Upper Uncertainty Bound,-,-,-,-,-,-,-,-,-,-,-,-,-,-,-,-,-,-,-,-,-,-,-
JAM,Jamaica,,Stunting,Proportion,Point Estimate,7.2,6.8,6.6,6.4,6.3,6.3,6.2,6.2,6.2,6.1,6.1,6.1,6.1,6.2,6.3,6.4,6.5,6.5,6.5,6.5,6.5,6.5,6.5
JAM,Jamaica,,Stunting,Proportion,Lower Uncertainty Bound,6.8,6.5,6.3,6.1,6.0,5.9,5.9,5.9,5.8,5.8,5.8,5.8,5.8,5.8,5.9,6.0,6.0,6.0,5.9,5.9,5.8,5.7,5.6
JAM,Jamaica,,Stunting,Proportion,Upper Uncertainty Bound,7.5,7.1,6.9,6.7,6.7,6.6,6.6,6.6,6.5,6.5,6.4,6.4,6.5,6.5,6.7,6.8,7.0,7.1,7.2,7.3,7.4,7.5,7.5
JPN,Japan,,Stunting,Proportion,Point Estimate,8.5,8.5,8.4,8.3,8.1,8.0,7.8,7.6,7.4,7.2,7.0,6.7,6.5,6.3,6.1,6.0,5.8,5.7,5.5,5.4,5.2,5.1,5.0
JPN,Japan,,Stunting,Proportion,Lower Uncertainty Bound,5.1,5.4,5.6,5.8,5.9,6.1,6.2,6.2,6.2,6.2,6.0,5.8,5.5,5.2,4.8,4.5,4.2,3.9,3.6,3.4,3.1,3.0,2.8
JPN,Japan,,Stunting,Proportion,Upper Uncertainty Bound,13.9,13.2,12.5,11.8,11.0,10.4,9.8,9.3,8.8,8.4,8.0,7.8,7.7,7.7,7.8,7.9,8.0,8.2,8.3,8.4,8.5,8.6,8.7
JOR,Jordan,,Stunting,Proportion,Point Estimate,10.8,10.5,10.3,10.2,10.1,9.8,9.6,9.4,9.1,8.7,8.3,8.0,7.7,7.5,7.4,7.4,7.4,7.4,7.3,7.2,7.1,6.8,6.6
JOR,Jordan,,Stunting,Proportion,Lower Uncertainty Bound,9.9,9.8,9.6,9.4,9.3,9.0,8.8,8.6,8.3,8.0,7.7,7.4,7.1,7.0,6.9,6.8,6.8,6.7,6.5,6.4,6.1,5.9,5.6
JOR,Jordan,,Stunting,Proportion,Upper Uncertainty Bound,11.7,11.4,11.2,11.0,10.9,10.6,10.5,10.2,9.9,9.4,9.0,8.6,8.3,8.1,8.0,8.0,8.1,8.2,8.2,8.2,8.1,7.9,7.8
KAZ,Kazakhstan,,Stunting,Proportion,Point Estimate,16.0,16.1,16.1,16.1,16.0,16.0,15.7,15.2,14.5,13.7,12.7,11.8,11.0,10.2,9.4,8.7,7.9,7.4,6.8,6.3,5.8,5.4,4.9
KAZ,Kazakhstan,,Stunting,Proportion,Lower Uncertainty Bound,14.8,14.8,14.9,14.9,14.8,14.8,14.5,14.0,13.4,12.7,11.8,11.0,10.2,9.4,8.6,7.8,7.0,6.4,5.7,5.2,4.7,4.3,3.8
KAZ,Kazakhstan,,Stunting,Proportion,Upper Uncertainty Bound,17.4,17.4,17.5,17.4,17.3,17.3,17.0,16.4,15.6,14.7,13.6,12.7,11.8,11.1,10.3,9.6,9.0,8.6,8.0,7.5,7.1,6.7,6.3
KEN,Kenya,,Stunting,Proportion,Point Estimate,38.5,38.5,38.4,38.1,37.7,37.3,36.7,35.8,34.6,33.3,31.7,30.1,28.6,27.2,26.0,24.9,23.9,23.0,22.0,21.1,20.1,19.2,18.4
KEN,Kenya,,Stunting,Proportion,Lower Uncertainty Bound,36.9,36.9,36.9,36.7,36.3,35.8,35.2,34.3,33.1,31.8,30.3,28.8,27.3,26.0,24.9,23.8,22.8,21.7,20.7,19.7,18.7,17.7,16.8
KEN,Kenya,,Stunting,Proportion,Upper Uncertainty Bound,40.2,40.0,39.9,39.6,39.2,38.8,38.2,37.3,36.2,34.8,33.2,31.5,29.9,28.4,27.2,26.1,25.1,24.2,23.4,22.5,21.6,20.8,20.1
KIR,Kiribati,,Stunting,Proportion,Point Estimate,20.3,19.9,19.5,19.2,18.9,18.7,18.5,18.3,17.9,17.5,17.1,16.6,16.2,15.9,15.7,15.6,15.5,15.4,15.3,15.0,14.8,14.5,14.2
KIR,Kiribati,,Stunting,Proportion,Lower Uncertainty Bound,10.2,10.2,10.2,10.3,10.5,10.6,10.8,11.0,11.2,11.3,11.5,11.6,11.8,12.1,12.5,13.0,13.4,13.7,13.7,13.3,12.8,12.2,11.6
KIR,Kiribati,,Stunting,Proportion,Upper Uncertainty Bound,36.4,35.1,33.9,32.8,31.8,30.8,29.8,28.8,27.5,26.2,24.7,23.2,21.8,20.5,19.5,18.6,17.9,17.3,17.0,16.9,17.0,17.1,17.2
KWT,Kuwait,,Stunting,Proportion,Point Estimate,4.0,4.0,4.0,4.0,4.0,4.1,4.2,4.3,4.4,4.4,4.5,4.6,4.8,5.0,5.2,5.4,5.7,5.9,6.1,6.3,6.5,6.7,6.9
KWT,Kuwait,,Stunting,Proportion,Lower Uncertainty Bound,3.7,3.7,3.8,3.8,3.9,3.9,4.0,4.1,4.2,4.3,4.3,4.5,4.6,4.8,5.0,5.2,5.4,5.6,5.8,5.9,6.1,6.2,6.3
KWT,Kuwait,,Stunting,Proportion,Upper Uncertainty Bound,4.3,4.2,4.2,4.2,4.2,4.3,4.4,4.5,4.5,4.6,4.7,4.8,5.0,5.2,5.4,5.6,5.9,6.2,6.5,6.7,7.0,7.2,7.5
KGZ,Kyrgyzstan,,Stunting,Proportion,Point Estimate,28.0,26.8,25.8,24.8,23.8,22.8,21.9,20.9,19.9,18.8,17.8,16.9,16.0,15.1,14.4,13.6,13.0,12.4,11.9,11.5,11.1,10.7,10.3
KGZ,Kyrgyzstan,,Stunting,Proportion,Lower Uncertainty Bound,25.8,24.8,23.9,23.0,22.1,21.3,20.4,19.6,18.6,17.7,16.8,16.0,15.2,14.4,13.6,12.8,12.0,11.4,10.8,10.3,9.8,9.3,8.8
KGZ,Kyrgyzstan,,Stunting,Proportion,Upper Uncertainty Bound,30.2,28.9,27.8,26.6,25.5,24.4,23.4,22.3,21.2,20.0,18.9,17.9,16.9,16.0,15.2,14.5,13.9,13.4,13.1,12.8,12.5,12.2,12.0
LAO,Lao People's Democratic Republic,,Stunting,Proportion,Point Estimate,48.7,48.7,48.7,48.6,48.5,48.3,47.9,47.1,46.1,44.9,43.4,41.9,40.4,39.0,37.6,36.3,34.9,33.5,32.2,30.9,29.7,28.7,27.7
LAO,Lao People's Democratic Republic,,Stunting,Proportion,Lower Uncertainty Bound,46.2,46.3,46.4,46.4,46.3,46.0,45.6,44.8,43.9,42.7,41.4,40.0,38.7,37.3,36.0,34.6,33.0,31.4,29.8,28.2,26.8,25.4,24.3
LAO,Lao People's Democratic Republic,,Stunting,Proportion,Upper Uncertainty Bound,51.2,51.1,51.0,50.9,50.7,50.5,50.2,49.5,48.4,47.0,45.5,43.8,42.2,40.7,39.3,38.0,36.9,35.7,34.7,33.7,32.9,32.1,31.5
LVA,Latvia,,Stunting,Proportion,Point Estimate,3.9,3.8,3.6,3.5,3.4,3.2,3.1,3.0,2.9,2.7,2.6,2.5,2.4,2.4,2.3,2.2,2.2,2.1,2.0,2.0,1.9,1.8,1.8
LVA,Latvia,,Stunting,Proportion,Lower Uncertainty Bound,1.6,1.6,1.6,1.5,1.5,1.5,1.5,1.5,1.4,1.4,1.4,1.4,1.4,1.5,1.5,1.5,1.5,1.5,1.5,1.5,1.5,1.4,1.4
LVA,Latvia,,Stunting,Proportion,Upper Uncertainty Bound,9.4,8.8,8.3,7.8,7.4,6.9,6.5,6.1,5.6,5.2,4.8,4.4,4.1,3.8,3.5,3.3,3.1,2.9,2.7,2.6,2.5,2.4,2.3
LBN,Lebanon,,Stunting,Proportion,Point Estimate,17.8,17.4,17.0,16.7,16.4,16.4,16.5,16.7,16.4,15.6,14.5,13.2,11.7,10.6,9.9,9.4,9.0,8.7,8.4,8.2,7.9,7.6,7.4
LBN,Lebanon,,Stunting,Proportion,Lower Uncertainty Bound,14.0,14.3,14.6,14.7,14.6,14.6,14.4,14.4,13.9,13.2,12.2,11.1,9.9,9.0,8.5,8.2,7.9,7.7,7.5,7.3,7.1,6.8,6.5
LBN,Lebanon,,Stunting,Proportion,Upper Uncertainty Bound,22.3,21.0,19.8,18.9,18.3,18.4,18.7,19.3,19.2,18.4,17.1,15.6,13.7,12.4,11.4,10.8,10.2,9.8,9.4,9.2,8.9,8.6,8.4
LSO,Lesotho,,Stunting,Proportion,Point Estimate,41.6,41.8,41.9,42.1,42.1,42.2,42.2,41.8,41.2,40.5,39.6,38.6,37.5,36.5,35.5,34.6,33.9,33.4,32.9,32.6,32.3,32.0,31.8
LSO,Lesotho,,Stunting,Proportion,Lower Uncertainty Bound,37.9,38.4,38.9,39.3,39.6,39.9,39.9,39.6,39.1,38.4,37.5,36.6,35.7,34.7,33.8,32.8,31.9,31.2,30.5,30.0,29.3,28.8,28.2
LSO,Lesotho,,Stunting,Proportion,Upper Uncertainty Bound,45.5,45.3,45.1,44.8,44.6,44.6,44.5,44.1,43.5,42.6,41.7,40.5,39.4,38.3,37.3,36.5,35.8,35.5,35.3,35.4,35.4,35.5,35.6
LBR,Liberia,,Stunting,Proportion,Point Estimate,44.9,44.0,43.0,42.4,41.9,41.3,40.7,40.0,39.1,38.0,37.0,36.0,35.0,34.0,33.1,32.6,31.8,31.0,30.1,29.2,28.0,27.2,26.6
LBR,Liberia,,Stunting,Proportion,Lower Uncertainty Bound,41.9,41.3,40.6,40.3,39.8,39.3,38.7,38.0,37.2,36.2,35.3,34.4,33.5,32.6,31.7,31.2,30.3,29.3,28.2,27.1,25.7,24.7,23.9
LBR,Liberia,,Stunting,Proportion,Upper Uncertainty Bound,48.0,46.6,45.4,44.6,44.0,43.3,42.8,42.0,41.1,39.9,38.8,37.6,36.5,35.4,34.5,34.0,33.4,32.7,32.0,31.3,30.3,29.8,29.5
LBY,Libya,,Stunting,Proportion,Point Estimate,18.4,18.7,19.1,19.7,20.4,21.2,22.0,23.0,23.9,25.0,26.3,27.9,30.0,32.2,34.7,37.7,40.7,43.1,45.6,47.9,49.6,51.0,52.2
LBY,Libya,,Stunting,Proportion,Lower Uncertainty Bound,16.4,16.7,17.0,17.6,18.3,19.1,20.0,20.9,21.9,23.1,24.4,26.0,28.0,29.9,32.0,34.5,36.9,38.6,40.4,42.0,43.1,44.0,44.6
LBY,Libya,,Stunting,Proportion,Upper Uncertainty Bound,20.6,20.9,21.3,21.9,22.6,23.4,24.2,25.1,26.0,27.1,28.3,30.0,32.2,34.6,37.5,41.1,44.7,47.7,50.8,53.8,56.1,58.1,59.7
LIE,Liechtenstein,,Stunting,Proportion,Point Estimate,-,-,-,-,-,-,-,-,-,-,-,-,-,-,-,-,-,-,-,-,-,-,-
LIE,Liechtenstein,,Stunting,Proportion,Lower Uncertainty Bound,-,-,-,-,-,-,-,-,-,-,-,-,-,-,-,-,-,-,-,-,-,-,-
LIE,Liechtenstein,,Stunting,Proportion,Upper Uncertainty Bound,-,-,-,-,-,-,-,-,-,-,-,-,-,-,-,-,-,-,-,-,-,-,-
LTU,Lithuania,,Stunting,Proportion,Point Estimate,7.6,7.4,7.3,7.1,7.0,6.8,6.7,6.5,6.3,6.1,5.8,5.6,5.4,5.3,5.3,5.2,5.1,5.0,4.9,4.8,4.7,4.6,4.5
LTU,Lithuania,,Stunting,Proportion,Lower Uncertainty Bound,3.2,3.2,3.2,3.2,3.2,3.3,3.3,3.3,3.3,3.3,3.3,3.3,3.4,3.5,3.6,3.8,3.9,4.0,4.1,4.1,4.1,4.1,4.0
LTU,Lithuania,,Stunting,Proportion,Upper Uncertainty Bound,16.8,16.2,15.6,14.9,14.3,13.7,13.1,12.5,11.7,10.9,10.1,9.3,8.6,8.0,7.6,7.1,6.7,6.2,5.9,5.6,5.3,5.2,5.2
LUX,Luxembourg,,Stunting,Proportion,Point Estimate,-,-,-,-,-,-,-,-,-,-,-,-,-,-,-,-,-,-,-,-,-,-,-
LUX,Luxembourg,,Stunting,Proportion,Lower Uncertainty Bound,-,-,-,-,-,-,-,-,-,-,-,-,-,-,-,-,-,-,-,-,-,-,-
LUX,Luxembourg,,Stunting,Proportion,Upper Uncertainty Bound,-,-,-,-,-,-,-,-,-,-,-,-,-,-,-,-,-,-,-,-,-,-,-
MDG,Madagascar,,Stunting,Proportion,Point Estimate,55.2,54.8,54.5,54.1,53.6,53.1,52.5,51.8,50.9,50.1,49.2,48.2,47.3,46.5,45.7,45.0,44.2,43.4,42.4,41.4,40.4,39.4,38.6
MDG,Madagascar,,Stunting,Proportion,Lower Uncertainty Bound,53.0,52.6,52.4,52.0,51.6,51.1,50.5,49.7,48.9,48.0,47.2,46.4,45.6,44.8,44.1,43.4,42.5,41.6,40.6,39.4,38.2,37.1,36.1
MDG,Madagascar,,Stunting,Proportion,Upper Uncertainty Bound,57.5,57.0,56.6,56.1,55.6,55.1,54.6,53.9,53.0,52.1,51.1,50.1,49.1,48.2,47.4,46.7,45.9,45.1,44.3,43.5,42.6,41.8,41.2
MWI,Malawi,,Stunting,Proportion,Point Estimate,56.0,55.7,55.3,54.7,54.1,53.4,52.6,51.5,50.2,48.7,47.0,45.3,43.6,42.1,40.7,39.4,38.4,37.7,36.9,36.1,35.3,34.6,34.0
MWI,Malawi,,Stunting,Proportion,Lower Uncertainty Bound,54.4,54.2,53.8,53.4,52.7,52.0,51.2,50.1,48.7,47.3,45.7,44.0,42.5,41.1,39.8,38.7,37.7,36.9,36.1,35.2,34.2,33.3,32.5
MWI,Malawi,,Stunting,Proportion,Upper Uncertainty Bound,57.6,57.2,56.7,56.1,55.4,54.7,54.0,53.0,51.6,50.1,48.3,46.5,44.7,43.0,41.5,40.2,39.1,38.4,37.7,37.0,36.4,35.9,35.5
MYS,Malaysia,,Stunting,Proportion,Point Estimate,19.5,18.9,18.5,18.2,18.0,17.9,17.9,17.8,17.6,17.5,17.4,17.4,17.6,18.0,18.5,19.0,19.6,20.1,20.6,21.0,21.4,21.7,21.9
MYS,Malaysia,,Stunting,Proportion,Lower Uncertainty Bound,17.1,16.9,16.7,16.6,16.5,16.4,16.3,16.2,16.1,16.0,16.0,16.1,16.4,16.8,17.4,18.0,18.5,18.9,19.2,19.4,19.6,19.6,19.6
MYS,Malaysia,,Stunting,Proportion,Upper Uncertainty Bound,22.1,21.2,20.5,20.0,19.7,19.6,19.6,19.5,19.3,19.2,19.0,18.9,19.0,19.2,19.6,20.1,20.8,21.4,22.1,22.7,23.3,23.9,24.5
MDV,Maldives,,Stunting,Proportion,Point Estimate,33.7,32.6,31.4,29.9,28.1,26.4,24.5,22.6,20.8,19.3,18.1,17.1,16.4,15.9,15.6,15.5,15.3,15.1,14.9,14.6,14.3,14.1,13.9
MDV,Maldives,,Stunting,Proportion,Lower Uncertainty Bound,31.7,30.6,29.3,27.7,26.0,24.2,22.4,20.7,19.0,17.6,16.5,15.6,15.0,14.6,14.4,14.2,13.9,13.6,13.2,12.8,12.4,12.0,11.6
MDV,Maldives,,Stunting,Proportion,Upper Uncertainty Bound,35.8,34.7,33.6,32.1,30.4,28.7,26.7,24.7,22.8,21.1,19.7,18.6,17.8,17.2,17.0,16.8,16.8,16.8,16.7,16.7,16.6,16.6,16.6
MLI,Mali,,Stunting,Proportion,Point Estimate,39.5,39.0,38.6,38.1,37.6,37.0,36.4,35.7,34.8,33.8,32.7,31.7,30.7,29.9,29.3,28.6,27.9,27.2,26.4,25.6,24.9,24.3,23.8
MLI,Mali,,Stunting,Proportion,Lower Uncertainty Bound,37.4,37.1,36.8,36.3,35.9,35.4,34.8,34.1,33.3,32.4,31.4,30.5,29.7,29.0,28.4,27.8,27.2,26.5,25.7,24.8,24.1,23.3,22.6
MLI,Mali,,Stunting,Proportion,Upper Uncertainty Bound,41.6,41.0,40.5,39.9,39.3,38.7,38.0,37.3,36.3,35.2,34.0,32.9,31.8,30.9,30.1,29.3,28.6,27.8,27.1,26.3,25.8,25.3,25.0
MLT,Malta,,Stunting,Proportion,Point Estimate,-,-,-,-,-,-,-,-,-,-,-,-,-,-,-,-,-,-,-,-,-,-,-
MLT,Malta,,Stunting,Proportion,Lower Uncertainty Bound,-,-,-,-,-,-,-,-,-,-,-,-,-,-,-,-,-,-,-,-,-,-,-
MLT,Malta,,Stunting,Proportion,Upper Uncertainty Bound,-,-,-,-,-,-,-,-,-,-,-,-,-,-,-,-,-,-,-,-,-,-,-
MHL,Marshall Islands,,Stunting,Proportion,Point Estimate,39.9,39.9,39.4,38.9,38.8,39.0,38.4,38.8,39.2,39.1,38.7,38.0,37.0,36.2,35.6,35.0,34.6,34.2,33.6,32.7,31.9,31.2,30.5
MHL,Marshall Islands,,Stunting,Proportion,Lower Uncertainty Bound,23.4,24.0,24.2,24.4,24.9,25.7,25.9,26.9,28.0,28.8,29.4,29.8,30.0,30.3,30.8,31.1,31.4,31.3,30.5,29.1,27.6,26.3,25.0
MHL,Marshall Islands,,Stunting,Proportion,Upper Uncertainty Bound,59.1,58.3,57.0,55.7,54.8,54.1,52.7,52.2,51.6,50.4,48.8,46.9,44.7,42.6,40.8,39.1,38.0,37.3,36.9,36.6,36.6,36.6,36.7
MRT,Mauritania,,Stunting,Proportion,Point Estimate,39.3,37.7,36.2,34.7,33.3,32.1,30.9,29.9,29.0,28.1,27.3,26.6,26.0,25.6,25.3,25.1,24.9,24.6,24.3,23.8,23.3,22.7,22.1
MRT,Mauritania,,Stunting,Proportion,Lower Uncertainty Bound,37.1,35.7,34.3,33.0,31.7,30.6,29.5,28.5,27.6,26.9,26.1,25.5,25.0,24.6,24.4,24.2,24.0,23.7,23.3,22.9,22.3,21.6,20.9
MRT,Mauritania,,Stunting,Proportion,Upper Uncertainty Bound,41.6,39.8,38.2,36.5,35.0,33.7,32.4,31.4,30.4,29.4,28.6,27.8,27.1,26.6,26.3,26.0,25.8,25.5,25.2,24.8,24.4,23.8,23.4
MUS,Mauritius,1,Stunting,Proportion,Point Estimate,12.6,12.4,12.1,11.6,11.2,10.7,10.4,10.1,9.9,9.6,9.4,9.2,9.0,8.9,8.8,8.8,8.9,8.9,8.9,8.9,8.8,8.7,8.6
MUS,Mauritius,1,Stunting,Proportion,Lower Uncertainty Bound,9.2,8.7,8.1,7.5,6.9,6.4,6.0,5.7,5.4,5.2,5.0,4.9,4.7,4.6,4.5,4.5,4.5,4.4,4.3,4.2,4.1,3.9,3.8
MUS,Mauritius,1,Stunting,Proportion,Upper Uncertainty Bound,17.0,17.4,17.6,17.6,17.6,17.5,17.5,17.4,17.3,17.1,16.9,16.7,16.5,16.4,16.5,16.7,16.9,17.3,17.6,17.9,18.1,18.3,18.5
MEX,Mexico,,Stunting,Proportion,Point Estimate,20.3,19.6,18.9,18.1,17.5,16.9,16.4,15.9,15.4,14.9,14.3,13.8,13.3,13.0,12.8,12.8,12.8,12.8,12.9,12.8,12.8,12.6,12.6
MEX,Mexico,,Stunting,Proportion,Lower Uncertainty Bound,19.1,18.4,17.8,17.2,16.5,16.0,15.5,15.0,14.4,13.9,13.4,13.0,12.6,12.3,12.2,12.2,12.2,12.2,12.3,12.2,12.0,11.8,11.6
MEX,Mexico,,Stunting,Proportion,Upper Uncertainty Bound,21.6,20.7,19.9,19.2,18.5,17.9,17.4,16.9,16.4,15.8,15.2,14.6,14.1,13.7,13.5,13.4,13.4,13.4,13.6,13.6,13.5,13.5,13.6
FSM,Micronesia (Federated States of),,Stunting,Proportion,Point Estimate,-,-,-,-,-,-,-,-,-,-,-,-,-,-,-,-,-,-,-,-,-,-,-
FSM,Micronesia (Federated States of),,Stunting,Proportion,Lower Uncertainty Bound,-,-,-,-,-,-,-,-,-,-,-,-,-,-,-,-,-,-,-,-,-,-,-
FSM,Micronesia (Federated States of),,Stunting,Proportion,Upper Uncertainty Bound,-,-,-,-,-,-,-,-,-,-,-,-,-,-,-,-,-,-,-,-,-,-,-
MCO,Monaco,,Stunting,Proportion,Point Estimate,-,-,-,-,-,-,-,-,-,-,-,-,-,-,-,-,-,-,-,-,-,-,-
MCO,Monaco,,Stunting,Proportion,Lower Uncertainty Bound,-,-,-,-,-,-,-,-,-,-,-,-,-,-,-,-,-,-,-,-,-,-,-
MCO,Monaco,,Stunting,Proportion,Upper Uncertainty Bound,-,-,-,-,-,-,-,-,-,-,-,-,-,-,-,-,-,-,-,-,-,-,-
MNG,Mongolia,,Stunting,Proportion,Point Estimate,29.2,28.3,27.3,26.2,24.9,23.6,22.2,20.6,18.9,17.1,15.3,13.4,12.2,11.2,10.3,9.6,9.0,8.4,7.9,7.4,6.9,6.5,6.1
MNG,Mongolia,,Stunting,Proportion,Lower Uncertainty Bound,27.7,26.9,26.1,25.1,23.9,22.6,21.2,19.7,18.1,16.4,14.6,12.9,11.7,10.7,9.8,9.1,8.4,7.8,7.2,6.7,6.1,5.7,5.3
MNG,Mongolia,,Stunting,Proportion,Upper Uncertainty Bound,30.8,29.7,28.6,27.4,26.0,24.6,23.2,21.5,19.7,17.9,16.0,14.0,12.8,11.7,10.9,10.2,9.6,9.1,8.6,8.2,7.7,7.3,7.0
MNE,Montenegro,,Stunting,Proportion,Point Estimate,7.4,7.6,7.8,8.0,8.2,8.4,8.5,8.6,8.6,8.6,8.6,8.5,8.4,8.3,8.2,8.2,8.2,8.2,8.2,8.3,8.3,8.3,8.2
MNE,Montenegro,,Stunting,Proportion,Lower Uncertainty Bound,5.5,5.9,6.3,6.7,7.1,7.4,7.6,7.7,7.7,7.7,7.7,7.6,7.6,7.6,7.5,7.4,7.3,7.3,7.2,7.1,7.0,6.8,6.6
MNE,Montenegro,,Stunting,Proportion,Upper Uncertainty Bound,10.0,9.7,9.6,9.4,9.4,9.4,9.5,9.6,9.6,9.6,9.5,9.4,9.3,9.2,9.1,9.0,9.1,9.2,9.4,9.6,9.8,9.9,10.0
MSR,Montserrat,,Stunting,Proportion,Point Estimate,-,-,-,-,-,-,-,-,-,-,-,-,-,-,-,-,-,-,-,-,-,-,-
MSR,Montserrat,,Stunting,Proportion,Lower Uncertainty Bound,-,-,-,-,-,-,-,-,-,-,-,-,-,-,-,-,-,-,-,-,-,-,-
MSR,Montserrat,,Stunting,Proportion,Upper Uncertainty Bound,-,-,-,-,-,-,-,-,-,-,-,-,-,-,-,-,-,-,-,-,-,-,-
MAR,Morocco,,Stunting,Proportion,Point Estimate,25.2,24.1,23.0,22.0,21.1,20.3,19.5,18.8,18.1,17.5,16.8,16.3,15.8,15.4,15.1,14.8,14.6,14.3,14.1,13.8,13.4,13.1,12.8
MAR,Morocco,,Stunting,Proportion,Lower Uncertainty Bound,23.4,22.4,21.5,20.4,19.5,18.6,17.9,17.2,16.6,16.0,15.5,15.0,14.6,14.3,14.1,13.9,13.7,13.4,13.0,12.6,12.2,11.7,11.3
MAR,Morocco,,Stunting,Proportion,Upper Uncertainty Bound,27.1,25.9,24.7,23.7,22.8,22.0,21.3,20.6,19.8,19.1,18.3,17.6,17.0,16.5,16.1,15.8,15.6,15.4,15.2,15.0,14.8,14.6,14.4
MOZ,Mozambique,,Stunting,Proportion,Point Estimate,48.6,48.1,47.6,47.1,46.7,46.3,46.0,45.5,44.9,44.2,43.6,43.0,42.6,42.2,41.8,41.4,40.8,40.1,39.3,38.5,37.7,37.0,36.4
MOZ,Mozambique,,Stunting,Proportion,Lower Uncertainty Bound,46.8,46.3,45.8,45.4,44.9,44.5,44.1,43.6,43.0,42.4,41.8,41.3,40.9,40.5,40.2,39.7,39.0,38.2,37.2,36.1,35.2,34.2,33.3
MOZ,Mozambique,,Stunting,Proportion,Upper Uncertainty Bound,50.5,49.8,49.3,48.8,48.4,48.2,47.9,47.4,46.8,46.1,45.4,44.8,44.3,43.9,43.5,43.1,42.7,42.1,41.4,40.8,40.3,39.9,39.5
MMR,Myanmar,,Stunting,Proportion,Point Estimate,45.9,44.4,43.1,41.7,40.4,39.1,37.9,36.7,35.4,34.2,33.0,31.9,31.1,30.3,29.7,29.1,28.5,27.7,27.0,26.3,25.6,24.8,24.1
MMR,Myanmar,,Stunting,Proportion,Lower Uncertainty Bound,43.9,42.6,41.2,39.8,38.3,37.0,35.7,34.4,33.2,32.1,31.0,30.1,29.3,28.7,28.1,27.5,26.9,26.0,25.1,24.2,23.2,22.3,21.4
MMR,Myanmar,,Stunting,Proportion,Upper Uncertainty Bound,47.9,46.3,44.9,43.6,42.4,41.3,40.2,39.0,37.7,36.4,35.1,33.9,32.9,32.0,31.3,30.7,30.1,29.5,29.0,28.5,28.0,27.5,27.0
NAM,Namibia,,Stunting,Proportion,Point Estimate,29.7,29.8,29.8,29.8,29.6,29.4,28.9,28.5,27.8,27.0,26.1,25.1,24.0,23.0,22.1,21.2,20.4,19.7,19.0,18.3,17.8,17.2,16.8
NAM,Namibia,,Stunting,Proportion,Lower Uncertainty Bound,27.4,27.6,27.8,27.8,27.6,27.3,26.8,26.4,25.8,25.1,24.3,23.3,22.1,21.0,19.8,18.6,17.5,16.4,15.4,14.5,13.7,13.0,12.4
NAM,Namibia,,Stunting,Proportion,Upper Uncertainty Bound,32.0,32.0,32.0,32.0,31.8,31.5,31.1,30.7,29.9,29.0,28.0,26.9,25.9,25.1,24.5,24.1,23.7,23.3,23.1,22.9,22.7,22.5,22.4
NRU,Nauru,,Stunting,Proportion,Point Estimate,25.3,25.6,25.7,25.8,25.7,25.7,25.4,25.1,24.4,23.7,22.7,21.7,21.0,20.2,19.4,19.0,18.3,17.7,17.1,16.5,15.8,15.3,14.8
NRU,Nauru,,Stunting,Proportion,Lower Uncertainty Bound,17.9,19.0,20.0,20.9,21.7,22.3,22.4,22.3,21.6,20.7,19.4,18.0,16.8,15.6,14.5,13.6,12.6,11.7,10.8,10.0,9.2,8.5,8.0
NRU,Nauru,,Stunting,Proportion,Upper Uncertainty Bound,34.4,33.4,32.3,31.3,30.2,29.4,28.5,28.0,27.4,27.0,26.5,26.0,25.8,25.6,25.5,25.8,25.9,26.0,26.0,26.0,25.7,25.7,25.8
NPL,Nepal,,Stunting,Proportion,Point Estimate,55.8,54.6,53.6,52.5,51.4,50.4,49.3,48.0,46.6,45.0,43.4,41.8,40.3,38.8,37.4,36.0,34.6,33.2,31.8,30.4,29.1,27.8,26.7
NPL,Nepal,,Stunting,Proportion,Lower Uncertainty Bound,54.0,52.8,51.7,50.6,49.5,48.4,47.3,46.0,44.6,43.2,41.7,40.2,38.8,37.5,36.2,34.9,33.6,32.1,30.6,29.1,27.6,26.2,25.0
NPL,Nepal,,Stunting,Proportion,Upper Uncertainty Bound,57.5,56.5,55.5,54.4,53.4,52.3,51.3,50.0,48.6,46.9,45.2,43.5,41.7,40.1,38.6,37.1,35.7,34.3,33.0,31.7,30.5,29.4,28.5
NLD,Netherlands (Kingdom of the),,Stunting,Proportion,Point Estimate,1.3,1.3,1.3,1.3,1.4,1.4,1.4,1.5,1.5,1.5,1.5,1.5,1.5,1.5,1.5,1.5,1.5,1.5,1.6,1.6,1.6,1.6,1.6
NLD,Netherlands (Kingdom of the),,Stunting,Proportion,Lower Uncertainty Bound,1.1,1.1,1.1,1.1,1.2,1.2,1.2,1.3,1.3,1.3,1.3,1.2,1.2,1.2,1.1,1.1,1.1,1.0,1.0,1.0,0.9,0.9,0.9
NLD,Netherlands (Kingdom of the),,Stunting,Proportion,Upper Uncertainty Bound,1.5,1.5,1.5,1.6,1.6,1.6,1.7,1.7,1.7,1.7,1.7,1.7,1.8,1.8,1.9,2.1,2.2,2.3,2.5,2.6,2.7,2.8,3.0
NZL,New Zealand,,Stunting,Proportion,Point Estimate,-,-,-,-,-,-,-,-,-,-,-,-,-,-,-,-,-,-,-,-,-,-,-
NZL,New Zealand,,Stunting,Proportion,Lower Uncertainty Bound,-,-,-,-,-,-,-,-,-,-,-,-,-,-,-,-,-,-,-,-,-,-,-
NZL,New Zealand,,Stunting,Proportion,Upper Uncertainty Bound,-,-,-,-,-,-,-,-,-,-,-,-,-,-,-,-,-,-,-,-,-,-,-
NIC,Nicaragua,,Stunting,Proportion,Point Estimate,25.5,24.5,23.7,22.9,22.2,21.6,21.1,20.4,19.7,19.1,18.4,17.8,17.3,16.9,16.6,16.4,16.1,15.9,15.7,15.5,15.3,15.1,14.9
NIC,Nicaragua,,Stunting,Proportion,Lower Uncertainty Bound,24.0,23.2,22.4,21.7,20.9,20.3,19.7,19.1,18.5,17.8,17.1,16.4,15.7,15.1,14.5,14.0,13.4,12.9,12.4,11.9,11.4,11.0,10.6
NIC,Nicaragua,,Stunting,Proportion,Upper Uncertainty Bound,27.0,25.9,25.0,24.2,23.6,23.0,22.4,21.8,21.1,20.4,19.8,19.3,19.0,18.9,18.9,19.1,19.3,19.5,19.7,19.9,20.2,20.4,20.6
NER,Niger,,Stunting,Proportion,Point Estimate,53.2,53.0,52.6,52.1,51.6,51.0,50.5,49.9,49.2,48.5,47.8,47.1,46.6,46.1,46.0,46.0,46.1,46.3,46.4,46.6,46.8,47.0,47.4
NER,Niger,,Stunting,Proportion,Lower Uncertainty Bound,51.4,51.3,51.1,50.8,50.4,49.9,49.5,48.9,48.3,47.6,46.9,46.3,45.8,45.3,45.1,45.1,45.2,45.2,45.3,45.3,45.4,45.5,45.7
NER,Niger,,Stunting,Proportion,Upper Uncertainty Bound,55.1,54.7,54.2,53.5,52.8,52.1,51.5,50.8,50.1,49.4,48.7,48.0,47.4,47.0,46.9,47.0,47.1,47.3,47.6,47.9,48.2,48.6,49.1
NGA,Nigeria,,Stunting,Proportion,Point Estimate,41.7,41.6,41.4,41.3,41.1,40.9,40.7,40.4,40.0,39.4,38.8,38.2,37.7,37.3,36.9,36.7,36.4,36.2,35.8,35.4,35.0,34.5,34.2
NGA,Nigeria,,Stunting,Proportion,Lower Uncertainty Bound,38.4,38.6,38.7,38.8,38.7,38.6,38.4,38.1,37.7,37.3,36.8,36.4,36.0,35.8,35.7,35.6,35.5,35.2,34.8,34.2,33.6,32.9,32.3
NGA,Nigeria,,Stunting,Proportion,Upper Uncertainty Bound,45.0,44.6,44.2,43.8,43.5,43.3,43.1,42.7,42.3,41.6,40.9,40.1,39.4,38.7,38.2,37.8,37.4,37.1,36.8,36.6,36.4,36.2,36.2
NIU,Niue,,Stunting,Proportion,Point Estimate,-,-,-,-,-,-,-,-,-,-,-,-,-,-,-,-,-,-,-,-,-,-,-
NIU,Niue,,Stunting,Proportion,Lower Uncertainty Bound,-,-,-,-,-,-,-,-,-,-,-,-,-,-,-,-,-,-,-,-,-,-,-
NIU,Niue,,Stunting,Proportion,Upper Uncertainty Bound,-,-,-,-,-,-,-,-,-,-,-,-,-,-,-,-,-,-,-,-,-,-,-
MKD,North Macedonia,,Stunting,Proportion,Point Estimate,8.4,8.5,8.6,8.7,8.7,8.7,8.6,8.3,7.9,7.4,6.8,6.2,5.8,5.4,5.1,4.8,4.6,4.4,4.2,4.1,3.9,3.8,3.7
MKD,North Macedonia,,Stunting,Proportion,Lower Uncertainty Bound,7.6,7.7,7.8,8.0,8.0,8.0,7.9,7.6,7.2,6.7,6.2,5.7,5.3,4.9,4.6,4.4,4.1,3.9,3.7,3.5,3.4,3.2,3.1
MKD,North Macedonia,,Stunting,Proportion,Upper Uncertainty Bound,9.4,9.3,9.4,9.5,9.5,9.6,9.5,9.2,8.7,8.1,7.4,6.8,6.3,5.9,5.6,5.3,5.1,4.9,4.7,4.6,4.5,4.4,4.3
NOR,Norway,,Stunting,Proportion,Point Estimate,-,-,-,-,-,-,-,-,-,-,-,-,-,-,-,-,-,-,-,-,-,-,-
NOR,Norway,,Stunting,Proportion,Lower Uncertainty Bound,-,-,-,-,-,-,-,-,-,-,-,-,-,-,-,-,-,-,-,-,-,-,-
NOR,Norway,,Stunting,Proportion,Upper Uncertainty Bound,-,-,-,-,-,-,-,-,-,-,-,-,-,-,-,-,-,-,-,-,-,-,-
OMN,Oman,,Stunting,Proportion,Point Estimate,14.6,13.9,13.3,12.7,12.3,12.0,11.8,11.6,11.5,11.3,11.2,11.2,11.1,11.2,11.4,11.7,12.0,12.2,12.4,12.5,12.6,12.7,12.7
OMN,Oman,,Stunting,Proportion,Lower Uncertainty Bound,13.4,12.7,12.1,11.6,11.1,10.8,10.6,10.5,10.3,10.3,10.2,10.3,10.3,10.4,10.7,10.9,11.0,11.1,11.1,11.0,10.9,10.8,10.7
OMN,Oman,,Stunting,Proportion,Upper Uncertainty Bound,15.9,15.2,14.6,14.0,13.6,13.3,13.2,12.9,12.7,12.5,12.3,12.1,12.0,12.0,12.3,12.6,13.0,13.4,13.8,14.1,14.5,14.8,15.1
PAK,Pakistan,,Stunting,Proportion,Point Estimate,40.4,41.2,42.2,43.1,44.0,44.8,45.5,45.8,45.8,45.6,45.1,44.5,43.8,43.0,42.2,41.4,40.5,39.4,38.3,37.1,36.0,34.9,34.0
PAK,Pakistan,,Stunting,Proportion,Lower Uncertainty Bound,37.6,38.5,39.6,40.5,41.4,42.1,42.7,43.0,43.1,43.0,42.7,42.3,41.8,41.1,40.4,39.5,38.4,37.1,35.6,34.1,32.6,31.2,30.0
PAK,Pakistan,,Stunting,Proportion,Upper Uncertainty Bound,43.4,44.0,44.8,45.7,46.7,47.5,48.2,48.6,48.6,48.2,47.6,46.7,45.8,44.9,44.1,43.3,42.6,41.8,41.1,40.3,39.5,38.8,38.2
PLW,Palau,,Stunting,Proportion,Point Estimate,-,-,-,-,-,-,-,-,-,-,-,-,-,-,-,-,-,-,-,-,-,-,-
PLW,Palau,,Stunting,Proportion,Lower Uncertainty Bound,-,-,-,-,-,-,-,-,-,-,-,-,-,-,-,-,-,-,-,-,-,-,-
PLW,Palau,,Stunting,Proportion,Upper Uncertainty Bound,-,-,-,-,-,-,-,-,-,-,-,-,-,-,-,-,-,-,-,-,-,-,-
PAN,Panama,,Stunting,Proportion,Point Estimate,18.4,18.6,19.0,19.6,20.3,20.9,21.4,21.7,21.7,21.4,21.1,20.5,19.9,19.2,18.5,17.9,17.3,16.6,15.9,15.2,14.6,14.1,13.8
PAN,Panama,,Stunting,Proportion,Lower Uncertainty Bound,17.0,17.3,17.7,18.2,18.8,19.4,19.8,20.0,20.0,19.7,19.4,18.9,18.3,17.7,17.1,16.5,15.9,15.2,14.4,13.6,13.0,12.3,12.0
PAN,Panama,,Stunting,Proportion,Upper Uncertainty Bound,19.8,20.0,20.4,21.0,21.8,22.5,23.1,23.5,23.5,23.2,22.8,22.3,21.5,20.8,20.1,19.4,18.9,18.2,17.5,16.9,16.4,16.0,15.9
PNG,Papua New Guinea,,Stunting,Proportion,Point Estimate,36.9,37.9,39.1,40.4,41.7,43.0,44.3,45.3,46.2,46.8,47.3,47.6,48.0,48.4,48.7,49.1,49.4,49.8,50.2,50.5,50.7,51.0,51.2
PNG,Papua New Guinea,,Stunting,Proportion,Lower Uncertainty Bound,30.0,31.9,34.0,36.2,38.2,40.1,41.7,42.9,43.7,44.2,44.4,44.3,44.0,43.7,43.1,42.5,41.9,41.3,40.7,40.0,39.4,38.8,38.3
PNG,Papua New Guinea,,Stunting,Proportion,Upper Uncertainty Bound,44.4,44.3,44.4,44.7,45.2,46.0,46.9,47.8,48.6,49.4,50.2,51.0,52.0,53.2,54.4,55.7,57.0,58.3,59.7,60.9,62.0,63.0,63.9
PRY,Paraguay,,Stunting,Proportion,Point Estimate,17.7,17.6,17.6,17.5,17.3,17.0,16.3,15.4,14.3,13.0,11.8,10.5,9.4,8.4,7.6,6.8,6.2,5.5,4.9,4.4,4.0,3.7,3.4
PRY,Paraguay,,Stunting,Proportion,Lower Uncertainty Bound,14.4,14.7,15.1,15.4,15.5,15.4,14.9,14.0,13.0,11.9,10.8,9.7,8.7,7.8,7.0,6.2,5.6,4.9,4.3,3.8,3.3,3.0,2.7
PRY,Paraguay,,Stunting,Proportion,Upper Uncertainty Bound,21.5,20.9,20.4,19.9,19.3,18.7,17.9,16.9,15.6,14.3,12.8,11.5,10.2,9.2,8.2,7.5,6.9,6.2,5.7,5.3,4.9,4.5,4.3
PER,Peru,,Stunting,Proportion,Point Estimate,31.1,30.6,30.0,29.3,28.5,27.7,26.9,25.8,24.6,23.2,21.8,20.1,18.6,17.3,16.1,15.0,14.1,13.2,12.4,11.7,11.1,10.6,10.1
PER,Peru,,Stunting,Proportion,Lower Uncertainty Bound,29.4,29.1,28.6,28.1,27.4,26.7,26.0,24.9,23.8,22.5,21.1,19.5,18.1,16.8,15.6,14.6,13.6,12.7,11.9,11.2,10.5,10.0,9.5
PER,Peru,,Stunting,Proportion,Upper Uncertainty Bound,32.8,32.2,31.5,30.6,29.7,28.7,27.8,26.7,25.4,24.0,22.4,20.6,19.1,17.7,16.5,15.4,14.5,13.6,12.9,12.2,11.7,11.2,10.8
PHL,Philippines,,Stunting,Proportion,Point Estimate,34.8,34.4,34.1,33.9,33.7,33.7,33.6,33.4,33.2,32.9,32.6,32.3,31.9,31.7,31.5,31.2,31.1,30.7,30.1,30.1,29.7,29.0,28.8
PHL,Philippines,,Stunting,Proportion,Lower Uncertainty Bound,32.5,32.3,32.1,32.0,31.8,31.8,31.7,31.6,31.4,31.3,31.1,30.9,30.6,30.2,29.8,29.2,28.7,27.9,27.0,26.5,25.8,24.8,24.2
PHL,Philippines,,Stunting,Proportion,Upper Uncertainty Bound,37.1,36.6,36.2,35.9,35.7,35.6,35.5,35.3,35.0,34.6,34.1,33.7,33.3,33.2,33.2,33.3,33.6,33.6,33.5,33.9,34.0,33.7,33.8
POL,Poland,,Stunting,Proportion,Point Estimate,2.9,2.8,2.7,2.6,2.5,2.4,2.4,2.3,2.3,2.2,2.2,2.1,2.1,2.1,2.1,2.1,2.1,2.2,2.2,2.2,2.3,2.3,2.3
POL,Poland,,Stunting,Proportion,Lower Uncertainty Bound,1.8,1.8,1.8,1.8,1.8,1.9,1.9,1.9,2.0,2.0,1.9,1.9,1.9,1.9,1.8,1.8,1.7,1.7,1.7,1.6,1.6,1.6,1.5
POL,Poland,,Stunting,Proportion,Upper Uncertainty Bound,4.7,4.3,3.9,3.6,3.3,3.1,2.9,2.8,2.6,2.5,2.4,2.3,2.3,2.3,2.4,2.5,2.6,2.8,2.9,3.1,3.2,3.3,3.4
PRT,Portugal,,Stunting,Proportion,Point Estimate,4.7,4.7,4.7,4.7,4.6,4.6,4.6,4.5,4.3,4.2,4.0,3.9,3.8,3.7,3.6,3.5,3.5,3.4,3.4,3.3,3.2,3.2,3.1
PRT,Portugal,,Stunting,Proportion,Lower Uncertainty Bound,2.3,2.3,2.4,2.5,2.6,2.6,2.7,2.7,2.8,2.8,2.8,2.8,2.8,2.9,2.9,3.0,2.9,2.9,2.7,2.6,2.5,2.3,2.2
PRT,Portugal,,Stunting,Proportion,Upper Uncertainty Bound,9.5,9.1,8.8,8.5,8.2,7.9,7.6,7.2,6.7,6.3,5.8,5.4,5.0,4.7,4.4,4.2,4.1,4.1,4.1,4.2,4.2,4.3,4.3
QAT,Qatar,1,Stunting,Proportion,Point Estimate,9.6,9.4,9.1,8.8,8.4,8.1,7.8,7.5,7.2,6.9,6.6,6.4,6.2,6.1,5.9,5.8,5.6,5.4,5.2,5.0,4.8,4.6,4.4
QAT,Qatar,1,Stunting,Proportion,Lower Uncertainty Bound,7.1,6.6,6.1,5.6,5.2,4.8,4.5,4.2,3.9,3.7,3.5,3.4,3.2,3.1,3.0,2.9,2.8,2.7,2.5,2.3,2.2,2.0,1.9
QAT,Qatar,1,Stunting,Proportion,Upper Uncertainty Bound,12.9,13.1,13.3,13.4,13.4,13.4,13.2,13.0,12.8,12.4,12.1,11.8,11.5,11.4,11.3,11.2,11.0,10.8,10.6,10.4,10.2,10.0,9.9
KOR,Republic of Korea,,Stunting,Proportion,Point Estimate,2.6,2.6,2.5,2.5,2.4,2.3,2.3,2.2,2.1,2.0,2.0,1.9,1.9,1.8,1.8,1.8,1.8,1.8,1.8,1.8,1.8,1.7,1.7
KOR,Republic of Korea,,Stunting,Proportion,Lower Uncertainty Bound,1.9,2.0,2.0,2.0,2.0,2.0,2.0,1.9,1.8,1.8,1.8,1.7,1.7,1.7,1.7,1.7,1.6,1.6,1.6,1.6,1.6,1.5,1.5
KOR,Republic of Korea,,Stunting,Proportion,Upper Uncertainty Bound,3.5,3.3,3.2,3.0,2.9,2.7,2.6,2.5,2.4,2.3,2.2,2.2,2.1,2.0,2.0,1.9,1.9,1.9,2.0,2.0,2.0,2.0,2.0
MDA,Republic of Moldova,,Stunting,Proportion,Point Estimate,12.7,12.2,11.8,11.3,10.8,10.2,9.7,9.2,8.6,8.1,7.6,7.2,6.8,6.4,6.1,5.8,5.5,5.2,4.9,4.6,4.4,4.1,3.9
MDA,Republic of Moldova,,Stunting,Proportion,Lower Uncertainty Bound,9.6,9.7,9.7,9.7,9.4,9.1,8.7,8.3,7.8,7.3,6.9,6.4,6.0,5.6,5.2,4.8,4.4,4.1,3.7,3.4,3.1,2.8,2.6
MDA,Republic of Moldova,,Stunting,Proportion,Upper Uncertainty Bound,16.5,15.3,14.2,13.2,12.2,11.4,10.7,10.1,9.5,9.0,8.4,8.0,7.6,7.3,7.1,7.0,6.8,6.7,6.5,6.3,6.2,6.0,5.8
ROU,Romania,,Stunting,Proportion,Point Estimate,13.5,13.4,13.2,12.9,12.5,12.2,11.9,11.5,11.0,10.5,10.1,9.6,9.3,9.0,8.8,8.7,8.6,8.4,8.3,8.2,8.0,7.8,7.7
ROU,Romania,,Stunting,Proportion,Lower Uncertainty Bound,12.8,12.6,12.2,11.6,10.9,10.3,9.7,9.1,8.5,7.9,7.4,6.8,6.4,6.0,5.7,5.4,5.2,4.9,4.6,4.4,4.1,3.9,3.7
ROU,Romania,,Stunting,Proportion,Upper Uncertainty Bound,14.3,14.2,14.2,14.3,14.4,14.4,14.4,14.4,14.1,13.9,13.6,13.4,13.2,13.3,13.4,13.6,13.9,14.2,14.5,14.7,14.9,15.0,15.1
RUS,Russian Federation,,Stunting,Proportion,Point Estimate,-,-,-,-,-,-,-,-,-,-,-,-,-,-,-,-,-,-,-,-,-,-,-
RUS,Russian Federation,,Stunting,Proportion,Lower Uncertainty Bound,-,-,-,-,-,-,-,-,-,-,-,-,-,-,-,-,-,-,-,-,-,-,-
RUS,Russian Federation,,Stunting,Proportion,Upper Uncertainty Bound,-,-,-,-,-,-,-,-,-,-,-,-,-,-,-,-,-,-,-,-,-,-,-
RWA,Rwanda,,Stunting,Proportion,Point Estimate,48.5,48.6,48.8,48.9,49.0,49.1,49.0,48.5,47.6,46.4,44.8,43.1,41.2,39.6,38.1,36.7,35.6,34.6,33.6,32.6,31.6,30.7,29.8
RWA,Rwanda,,Stunting,Proportion,Lower Uncertainty Bound,46.2,46.5,46.8,47.0,47.2,47.2,47.1,46.6,45.8,44.7,43.3,41.7,40.0,38.5,37.1,35.8,34.6,33.5,32.3,31.0,29.8,28.7,27.6
RWA,Rwanda,,Stunting,Proportion,Upper Uncertainty Bound,50.7,50.7,50.8,50.9,50.9,51.0,50.9,50.4,49.4,48.0,46.4,44.5,42.5,40.7,39.1,37.7,36.6,35.8,35.0,34.2,33.4,32.7,32.1
KNA,Saint Kitts and Nevis,,Stunting,Proportion,Point Estimate,-,-,-,-,-,-,-,-,-,-,-,-,-,-,-,-,-,-,-,-,-,-,-
KNA,Saint Kitts and Nevis,,Stunting,Proportion,Lower Uncertainty Bound,-,-,-,-,-,-,-,-,-,-,-,-,-,-,-,-,-,-,-,-,-,-,-
KNA,Saint Kitts and Nevis,,Stunting,Proportion,Upper Uncertainty Bound,-,-,-,-,-,-,-,-,-,-,-,-,-,-,-,-,-,-,-,-,-,-,-
LCA,Saint Lucia,,Stunting,Proportion,Point Estimate,2.9,2.9,2.9,2.8,2.7,2.7,2.5,2.5,2.5,2.4,2.4,2.3,2.3,2.3,2.3,2.3,2.3,2.4,2.4,2.4,2.5,2.5,2.5
LCA,Saint Lucia,,Stunting,Proportion,Lower Uncertainty Bound,1.6,1.7,1.7,1.7,1.8,1.8,1.8,1.8,1.9,1.9,1.9,1.9,1.9,1.9,1.8,1.8,1.8,1.7,1.7,1.6,1.6,1.5,1.5
LCA,Saint Lucia,,Stunting,Proportion,Upper Uncertainty Bound,5.3,5.1,4.7,4.4,4.1,3.9,3.6,3.4,3.3,3.1,3.0,2.9,2.8,2.8,2.8,3.0,3.1,3.3,3.5,3.7,3.9,4.1,4.2
VCT,Saint Vincent and the Grenadines,,Stunting,Proportion,Point Estimate,-,-,-,-,-,-,-,-,-,-,-,-,-,-,-,-,-,-,-,-,-,-,-
VCT,Saint Vincent and the Grenadines,,Stunting,Proportion,Lower Uncertainty Bound,-,-,-,-,-,-,-,-,-,-,-,-,-,-,-,-,-,-,-,-,-,-,-
VCT,Saint Vincent and the Grenadines,,Stunting,Proportion,Upper Uncertainty Bound,-,-,-,-,-,-,-,-,-,-,-,-,-,-,-,-,-,-,-,-,-,-,-
WSM,Samoa,,Stunting,Proportion,Point Estimate,5.8,5.5,5.2,5.0,4.8,4.7,4.7,4.7,4.7,4.8,4.8,4.9,5.0,5.2,5.4,5.6,5.8,6.1,6.4,6.8,7.0,7.2,7.4
WSM,Samoa,,Stunting,Proportion,Lower Uncertainty Bound,4.8,4.6,4.3,4.1,4.0,3.9,3.8,3.8,3.9,3.9,4.0,4.2,4.4,4.6,4.8,5.1,5.3,5.6,5.8,6.1,6.2,6.2,6.3
WSM,Samoa,,Stunting,Proportion,Upper Uncertainty Bound,7.0,6.5,6.2,6.0,5.8,5.7,5.7,5.7,5.7,5.8,5.8,5.8,5.8,5.9,6.0,6.1,6.4,6.7,7.1,7.6,8.0,8.3,8.6
SMR,San Marino,,Stunting,Proportion,Point Estimate,-,-,-,-,-,-,-,-,-,-,-,-,-,-,-,-,-,-,-,-,-,-,-
SMR,San Marino,,Stunting,Proportion,Lower Uncertainty Bound,-,-,-,-,-,-,-,-,-,-,-,-,-,-,-,-,-,-,-,-,-,-,-
SMR,San Marino,,Stunting,Proportion,Upper Uncertainty Bound,-,-,-,-,-,-,-,-,-,-,-,-,-,-,-,-,-,-,-,-,-,-,-
STP,Sao Tome and Principe,,Stunting,Proportion,Point Estimate,31.3,30.8,30.1,29.2,28.1,27.1,25.9,24.8,23.6,22.5,21.2,20.0,18.8,17.7,16.6,15.6,14.6,13.7,12.8,12.0,11.3,10.6,10.0
STP,Sao Tome and Principe,,Stunting,Proportion,Lower Uncertainty Bound,19.9,20.3,20.6,20.6,20.5,20.3,19.9,19.5,19.0,18.4,17.8,17.1,16.4,15.7,15.0,14.3,13.5,12.6,11.7,10.8,9.9,9.2,8.5
STP,Sao Tome and Principe,,Stunting,Proportion,Upper Uncertainty Bound,45.5,43.8,41.8,39.5,37.3,35.1,33.0,31.0,29.0,27.1,25.2,23.3,21.5,19.8,18.3,17.0,15.8,14.8,14.0,13.3,12.7,12.2,11.8
SAU,Saudi Arabia,,Stunting,Proportion,Point Estimate,11.4,11.2,11.1,11.1,11.2,11.3,11.4,11.6,11.6,11.7,11.7,11.7,11.8,11.9,12.0,12.2,12.3,12.5,12.5,12.6,12.6,12.5,12.4
SAU,Saudi Arabia,,Stunting,Proportion,Lower Uncertainty Bound,10.0,9.9,9.9,10.0,10.0,10.1,10.2,10.3,10.4,10.5,10.5,10.6,10.7,10.9,11.2,11.4,11.7,11.8,11.9,11.9,11.8,11.6,11.3
SAU,Saudi Arabia,,Stunting,Proportion,Upper Uncertainty Bound,12.9,12.6,12.4,12.3,12.4,12.5,12.7,12.9,13.0,13.1,13.0,13.0,12.9,12.9,12.9,13.0,13.0,13.1,13.2,13.3,13.4,13.5,13.6
SEN,Senegal,,Stunting,Proportion,Point Estimate,24.7,23.9,23.2,22.5,21.8,21.3,20.8,20.3,19.9,19.4,19.0,18.7,18.5,18.5,18.5,18.6,18.6,18.5,18.3,18.0,17.7,17.3,17.0
SEN,Senegal,,Stunting,Proportion,Lower Uncertainty Bound,23.1,22.4,21.8,21.2,20.6,20.2,19.7,19.3,18.9,18.5,18.2,18.0,17.9,17.9,18.0,18.1,18.1,17.9,17.6,17.3,16.8,16.3,15.9
SEN,Senegal,,Stunting,Proportion,Upper Uncertainty Bound,26.3,25.5,24.6,23.8,23.0,22.4,21.9,21.4,20.9,20.3,19.8,19.4,19.2,19.0,19.0,19.0,19.1,19.0,18.9,18.8,18.6,18.4,18.2
SRB,Serbia,,Stunting,Proportion,Point Estimate,8.8,8.8,8.7,8.6,8.5,8.2,8.0,7.7,7.4,7.0,6.5,6.2,5.9,5.7,5.6,5.5,5.5,5.4,5.3,5.1,4.9,4.7,4.6
SRB,Serbia,,Stunting,Proportion,Lower Uncertainty Bound,6.7,6.9,7.1,7.3,7.4,7.4,7.3,7.1,6.8,6.4,6.0,5.7,5.4,5.3,5.2,5.1,5.1,4.9,4.7,4.5,4.3,4.1,3.9
SRB,Serbia,,Stunting,Proportion,Upper Uncertainty Bound,11.6,11.1,10.6,10.1,9.6,9.1,8.7,8.5,8.1,7.6,7.1,6.7,6.4,6.2,6.1,6.0,6.0,6.0,5.9,5.8,5.7,5.5,5.4
SYC,Seychelles,,Stunting,Proportion,Point Estimate,10.6,10.2,9.9,9.5,9.2,9.0,8.8,8.6,8.5,8.3,8.2,8.0,7.9,7.8,7.8,7.8,7.8,7.8,7.7,7.6,7.5,7.3,7.2
SYC,Seychelles,,Stunting,Proportion,Lower Uncertainty Bound,6.1,6.2,6.2,6.2,6.3,6.4,6.5,6.6,6.8,6.9,7.0,7.0,7.0,6.9,6.7,6.4,6.2,5.9,5.5,5.2,4.9,4.7,4.4
SYC,Seychelles,,Stunting,Proportion,Upper Uncertainty Bound,17.9,16.6,15.4,14.2,13.3,12.4,11.8,11.1,10.6,10.1,9.6,9.2,8.9,8.9,9.1,9.5,9.8,10.2,10.6,10.9,11.1,11.4,11.6
SLE,Sierra Leone,,Stunting,Proportion,Point Estimate,38.1,38.5,38.7,38.9,39.0,39.0,39.0,38.8,38.3,37.7,36.9,35.9,34.9,33.8,32.9,32.3,31.6,30.5,28.8,28.1,27.4,26.6,26.0
SLE,Sierra Leone,,Stunting,Proportion,Lower Uncertainty Bound,35.5,36.1,36.6,36.9,37.1,37.1,37.0,36.8,36.3,35.8,35.0,34.2,33.3,32.4,31.6,31.1,30.5,29.4,27.7,26.8,26.0,25.1,24.3
SLE,Sierra Leone,,Stunting,Proportion,Upper Uncertainty Bound,40.8,40.9,40.9,40.9,40.9,41.0,41.0,40.8,40.4,39.7,38.8,37.7,36.5,35.2,34.2,33.4,32.7,31.7,29.9,29.3,28.7,28.2,27.7
SGP,Singapore,,Stunting,Proportion,Point Estimate,4.4,4.3,4.3,4.2,4.2,4.1,4.1,4.0,3.8,3.7,3.6,3.5,3.4,3.3,3.2,3.2,3.2,3.1,3.1,3.1,3.0,3.0,3.0
SGP,Singapore,,Stunting,Proportion,Lower Uncertainty Bound,3.9,3.8,3.6,3.4,3.2,3.0,2.9,2.7,2.5,2.4,2.2,2.1,2.0,1.9,1.8,1.8,1.7,1.7,1.6,1.5,1.5,1.4,1.3
SGP,Singapore,,Stunting,Proportion,Upper Uncertainty Bound,5.0,5.0,5.1,5.3,5.5,5.6,5.8,5.8,5.8,5.8,5.7,5.6,5.6,5.6,5.6,5.7,5.8,5.9,6.0,6.1,6.2,6.3,6.4
SVK,Slovakia,,Stunting,Proportion,Point Estimate,-,-,-,-,-,-,-,-,-,-,-,-,-,-,-,-,-,-,-,-,-,-,-
SVK,Slovakia,,Stunting,Proportion,Lower Uncertainty Bound,-,-,-,-,-,-,-,-,-,-,-,-,-,-,-,-,-,-,-,-,-,-,-
SVK,Slovakia,,Stunting,Proportion,Upper Uncertainty Bound,-,-,-,-,-,-,-,-,-,-,-,-,-,-,-,-,-,-,-,-,-,-,-
SVN,Slovenia,,Stunting,Proportion,Point Estimate,-,-,-,-,-,-,-,-,-,-,-,-,-,-,-,-,-,-,-,-,-,-,-
SVN,Slovenia,,Stunting,Proportion,Lower Uncertainty Bound,-,-,-,-,-,-,-,-,-,-,-,-,-,-,-,-,-,-,-,-,-,-,-
SVN,Slovenia,,Stunting,Proportion,Upper Uncertainty Bound,-,-,-,-,-,-,-,-,-,-,-,-,-,-,-,-,-,-,-,-,-,-,-
SLB,Solomon Islands,,Stunting,Proportion,Point Estimate,31.4,31.5,31.8,32.0,32.4,32.7,33.0,33.2,33.1,32.9,32.5,32.1,31.8,31.4,31.2,31.0,30.9,30.7,30.6,30.4,30.1,29.9,29.8
SLB,Solomon Islands,,Stunting,Proportion,Lower Uncertainty Bound,23.4,24.5,25.7,26.9,28.2,29.2,30.0,30.5,30.6,30.5,30.2,29.9,29.6,29.2,28.9,28.5,28.0,27.4,26.9,26.2,25.6,25.1,24.6
SLB,Solomon Islands,,Stunting,Proportion,Upper Uncertainty Bound,40.7,39.5,38.5,37.6,36.9,36.5,36.2,36.0,35.7,35.3,34.9,34.4,34.0,33.7,33.6,33.7,33.9,34.2,34.5,34.8,35.1,35.3,35.7
SOM,Somalia,,Stunting,Proportion,Point Estimate,33.0,33.4,33.7,33.9,34.0,33.9,33.7,33.2,32.4,31.3,30.1,28.9,27.6,26.4,25.3,24.2,23.2,22.2,21.2,20.3,19.4,18.7,18.0
SOM,Somalia,,Stunting,Proportion,Lower Uncertainty Bound,29.8,30.5,31.1,31.5,31.7,31.8,31.7,31.2,30.4,29.1,27.6,25.8,24.0,22.3,20.6,19.0,17.5,16.1,14.7,13.6,12.5,11.6,10.8
SOM,Somalia,,Stunting,Proportion,Upper Uncertainty Bound,36.4,36.4,36.4,36.4,36.3,36.1,35.8,35.2,34.5,33.6,32.8,32.1,31.4,31.0,30.6,30.4,30.1,29.8,29.5,29.3,29.0,28.7,28.5
ZAF,South Africa,,Stunting,Proportion,Point Estimate,26.6,26.3,26.2,26.2,26.2,26.2,26.0,25.5,24.8,24.1,23.4,22.9,22.5,22.4,22.3,22.3,22.4,22.4,22.4,22.5,22.6,22.8,22.8
ZAF,South Africa,,Stunting,Proportion,Lower Uncertainty Bound,23.9,23.8,23.8,23.8,23.9,23.9,23.7,23.3,22.7,22.2,21.7,21.3,21.1,21.1,21.2,21.2,21.1,21.0,20.7,20.6,20.4,20.2,20.0
ZAF,South Africa,,Stunting,Proportion,Upper Uncertainty Bound,29.4,29.0,28.8,28.8,28.7,28.7,28.4,27.8,27.1,26.2,25.3,24.5,24.0,23.7,23.6,23.6,23.7,23.9,24.2,24.6,25.1,25.5,25.9
SSD,South Sudan,,Stunting,Proportion,Point Estimate,39.0,38.3,37.7,37.1,36.5,35.9,35.3,34.6,33.8,33.0,32.1,31.3,30.8,30.3,30.1,29.9,29.8,29.6,29.3,29.1,28.7,28.3,27.9
SSD,South Sudan,,Stunting,Proportion,Lower Uncertainty Bound,30.8,31.3,31.8,32.3,32.6,32.8,32.8,32.4,31.8,30.9,29.7,28.5,27.5,26.4,25.5,24.6,23.8,22.9,21.9,21.1,20.2,19.3,18.6
SSD,South Sudan,,Stunting,Proportion,Upper Uncertainty Bound,47.8,45.9,44.0,42.2,40.5,39.1,37.9,36.9,35.9,35.1,34.5,34.2,34.3,34.6,35.1,35.8,36.6,37.3,38.0,38.6,39.1,39.4,39.7
ESP,Spain,,Stunting,Proportion,Point Estimate,-,-,-,-,-,-,-,-,-,-,-,-,-,-,-,-,-,-,-,-,-,-,-
ESP,Spain,,Stunting,Proportion,Lower Uncertainty Bound,-,-,-,-,-,-,-,-,-,-,-,-,-,-,-,-,-,-,-,-,-,-,-
ESP,Spain,,Stunting,Proportion,Upper Uncertainty Bound,-,-,-,-,-,-,-,-,-,-,-,-,-,-,-,-,-,-,-,-,-,-,-
LKA,Sri Lanka,,Stunting,Proportion,Point Estimate,19.5,19.2,18.9,18.6,18.4,18.2,18.0,17.8,17.6,17.4,17.2,17.0,16.7,16.6,16.5,16.4,16.3,16.3,16.3,16.3,16.2,16.1,15.9
LKA,Sri Lanka,,Stunting,Proportion,Lower Uncertainty Bound,18.0,17.8,17.6,17.4,17.1,17.0,16.8,16.6,16.5,16.3,16.2,16.0,15.8,15.6,15.4,15.1,14.9,14.7,14.4,14.1,13.9,13.5,13.2
LKA,Sri Lanka,,Stunting,Proportion,Upper Uncertainty Bound,21.1,20.7,20.3,20.0,19.7,19.5,19.3,19.0,18.8,18.5,18.2,18.0,17.7,17.6,17.6,17.7,17.9,18.2,18.4,18.7,18.9,19.0,19.1
PSE,State of Palestine,,Stunting,Proportion,Point Estimate,9.9,10.3,10.7,11.0,11.2,11.4,11.5,11.6,11.5,11.3,11.1,10.7,10.3,9.8,9.3,8.8,8.5,8.1,7.9,7.7,7.6,7.5,7.5
PSE,State of Palestine,,Stunting,Proportion,Lower Uncertainty Bound,9.3,9.7,10.1,10.4,10.6,10.8,10.8,10.9,10.7,10.6,10.4,10.1,9.6,9.2,8.7,8.3,7.9,7.5,7.2,7.0,6.8,6.7,6.6
PSE,State of Palestine,,Stunting,Proportion,Upper Uncertainty Bound,10.6,10.9,11.3,11.6,11.8,12.1,12.2,12.3,12.2,12.1,11.9,11.4,10.9,10.5,10.0,9.5,9.1,8.8,8.6,8.5,8.4,8.4,8.5
SDN,Sudan,,Stunting,Proportion,Point Estimate,39.3,38.8,38.5,38.2,37.9,37.8,37.6,37.4,37.2,36.9,36.5,36.2,36.0,36.0,36.1,36.2,36.4,36.5,36.5,36.5,36.4,36.2,36.0
SDN,Sudan,,Stunting,Proportion,Lower Uncertainty Bound,31.2,31.9,32.7,33.4,34.1,34.7,35.1,35.2,35.1,34.9,34.7,34.3,34.1,33.8,33.6,33.2,32.8,32.4,31.8,31.3,30.7,30.0,29.3
SDN,Sudan,,Stunting,Proportion,Upper Uncertainty Bound,48.0,46.3,44.7,43.2,41.9,41.0,40.3,39.8,39.3,38.9,38.4,38.1,38.0,38.2,38.7,39.3,40.1,40.8,41.5,42.1,42.6,43.0,43.3
SUR,Suriname,,Stunting,Proportion,Point Estimate,13.6,13.0,12.5,12.0,11.4,11.0,10.6,10.2,9.8,9.4,9.0,8.6,8.3,8.2,8.1,8.2,8.2,8.2,8.1,8.0,7.9,7.8,7.6
SUR,Suriname,,Stunting,Proportion,Lower Uncertainty Bound,12.2,11.8,11.5,11.0,10.6,10.1,9.7,9.4,9.0,8.6,8.3,7.9,7.7,7.6,7.5,7.5,7.4,7.4,7.2,7.1,6.9,6.6,6.4
SUR,Suriname,,Stunting,Proportion,Upper Uncertainty Bound,15.1,14.3,13.6,13.0,12.4,11.9,11.5,11.1,10.7,10.2,9.8,9.4,9.0,8.9,8.8,8.9,9.0,9.1,9.1,9.1,9.1,9.1,9.0
SWE,Sweden,,Stunting,Proportion,Point Estimate,-,-,-,-,-,-,-,-,-,-,-,-,-,-,-,-,-,-,-,-,-,-,-
SWE,Sweden,,Stunting,Proportion,Lower Uncertainty Bound,-,-,-,-,-,-,-,-,-,-,-,-,-,-,-,-,-,-,-,-,-,-,-
SWE,Sweden,,Stunting,Proportion,Upper Uncertainty Bound,-,-,-,-,-,-,-,-,-,-,-,-,-,-,-,-,-,-,-,-,-,-,-
CHE,Switzerland,,Stunting,Proportion,Point Estimate,-,-,-,-,-,-,-,-,-,-,-,-,-,-,-,-,-,-,-,-,-,-,-
CHE,Switzerland,,Stunting,Proportion,Lower Uncertainty Bound,-,-,-,-,-,-,-,-,-,-,-,-,-,-,-,-,-,-,-,-,-,-,-
CHE,Switzerland,,Stunting,Proportion,Upper Uncertainty Bound,-,-,-,-,-,-,-,-,-,-,-,-,-,-,-,-,-,-,-,-,-,-,-
SYR,Syrian Arab Republic,,Stunting,Proportion,Point Estimate,28.3,28.7,29.1,29.5,29.7,29.7,29.5,29.2,28.6,27.9,27.2,26.6,26.4,26.7,27.1,27.6,27.9,28.0,27.7,27.3,26.7,26.1,25.4
SYR,Syrian Arab Republic,,Stunting,Proportion,Lower Uncertainty Bound,26.6,27.0,27.4,27.8,28.0,27.9,27.8,27.4,26.9,26.1,25.1,24.2,23.5,23.3,23.0,22.7,22.3,21.6,20.7,19.8,18.8,17.8,16.9
SYR,Syrian Arab Republic,,Stunting,Proportion,Upper Uncertainty Bound,30.1,30.5,30.8,31.2,31.5,31.5,31.3,31.0,30.5,29.9,29.4,29.1,29.5,30.5,31.7,33.1,34.4,35.4,36.0,36.3,36.5,36.5,36.3
TJK,Tajikistan,,Stunting,Proportion,Point Estimate,41.3,40.9,40.2,39.2,38.0,36.8,35.5,34.0,32.3,30.7,29.0,27.3,25.7,24.1,22.6,21.1,19.5,18.1,16.7,15.5,14.6,13.8,13.1
TJK,Tajikistan,,Stunting,Proportion,Lower Uncertainty Bound,39.1,39.1,38.6,37.7,36.6,35.3,34.0,32.5,30.9,29.3,27.7,26.1,24.5,23.0,21.5,19.9,18.3,16.8,15.3,14.1,13.0,12.1,11.4
TJK,Tajikistan,,Stunting,Proportion,Upper Uncertainty Bound,43.5,42.8,41.8,40.7,39.4,38.2,37.0,35.5,33.8,32.1,30.3,28.5,26.8,25.3,23.7,22.3,20.8,19.5,18.2,17.2,16.3,15.7,15.1
THA,Thailand,,Stunting,Proportion,Point Estimate,16.2,16.2,16.2,16.3,16.4,16.4,16.4,16.3,16.0,15.7,15.2,14.6,14.0,13.5,13.1,12.8,12.6,12.5,12.4,12.3,12.1,11.9,11.8
THA,Thailand,,Stunting,Proportion,Lower Uncertainty Bound,14.3,14.4,14.5,14.7,14.8,15.0,15.0,14.9,14.7,14.5,14.0,13.6,13.1,12.6,12.3,12.0,11.8,11.6,11.4,11.2,10.9,10.6,10.3
THA,Thailand,,Stunting,Proportion,Upper Uncertainty Bound,18.3,18.2,18.1,18.0,18.0,18.0,17.9,17.7,17.4,17.0,16.4,15.7,15.0,14.4,13.9,13.7,13.5,13.4,13.4,13.4,13.4,13.4,13.4
TLS,Timor-Leste,,Stunting,Proportion,Point Estimate,54.6,55.1,55.7,56.3,56.7,57.1,57.3,57.1,56.6,55.8,54.8,53.7,52.5,51.5,50.6,49.7,48.8,48.1,47.4,46.7,46.1,45.6,45.1
TLS,Timor-Leste,,Stunting,Proportion,Lower Uncertainty Bound,50.8,52.0,53.1,54.1,54.8,55.3,55.5,55.3,54.8,54.0,53.0,52.0,50.9,49.9,48.9,48.0,47.0,46.0,45.1,44.2,43.4,42.5,41.8
TLS,Timor-Leste,,Stunting,Proportion,Upper Uncertainty Bound,58.4,58.3,58.3,58.4,58.6,58.8,59.0,58.9,58.4,57.6,56.5,55.4,54.2,53.1,52.2,51.4,50.7,50.1,49.7,49.3,48.9,48.7,48.5
TGO,Togo,,Stunting,Proportion,Point Estimate,32.1,31.8,31.6,31.3,31.1,31.0,30.8,30.4,30.0,29.4,28.7,27.8,27.3,26.8,26.4,26.0,25.6,25.1,24.6,24.1,23.5,22.9,22.3
TGO,Togo,,Stunting,Proportion,Lower Uncertainty Bound,30.1,29.9,29.8,29.7,29.6,29.6,29.5,29.3,28.9,28.5,27.8,27.0,26.4,25.8,25.2,24.6,24.0,23.3,22.5,21.8,21.0,20.2,19.3
TGO,Togo,,Stunting,Proportion,Upper Uncertainty Bound,34.1,33.7,33.4,33.0,32.7,32.4,32.1,31.6,31.0,30.3,29.5,28.7,28.2,27.8,27.6,27.4,27.3,27.1,26.9,26.6,26.3,25.9,25.6
TKL,Tokelau,,Stunting,Proportion,Point Estimate,-,-,-,-,-,-,-,-,-,-,-,-,-,-,-,-,-,-,-,-,-,-,-
TKL,Tokelau,,Stunting,Proportion,Lower Uncertainty Bound,-,-,-,-,-,-,-,-,-,-,-,-,-,-,-,-,-,-,-,-,-,-,-
TKL,Tokelau,,Stunting,Proportion,Upper Uncertainty Bound,-,-,-,-,-,-,-,-,-,-,-,-,-,-,-,-,-,-,-,-,-,-,-
TON,Tonga,,Stunting,Proportion,Point Estimate,16.1,15.7,15.2,14.6,13.9,13.1,12.3,11.4,10.5,9.7,8.9,8.1,7.2,6.4,5.6,4.8,4.2,3.6,3.1,2.6,2.3,2.0,1.8
TON,Tonga,,Stunting,Proportion,Lower Uncertainty Bound,9.9,10.1,10.2,10.3,10.2,10.0,9.6,9.2,8.7,8.2,7.6,7.0,6.4,5.7,5.0,4.4,3.7,3.2,2.7,2.3,1.9,1.6,1.4
TON,Tonga,,Stunting,Proportion,Upper Uncertainty Bound,25.1,23.6,22.0,20.4,18.7,17.1,15.6,14.1,12.8,11.5,10.4,9.2,8.2,7.1,6.2,5.4,4.6,4.0,3.5,3.0,2.7,2.4,2.2
TTO,Trinidad and Tobago,,Stunting,Proportion,Point Estimate,5.3,5.6,5.9,6.2,6.6,7.0,7.3,7.7,7.9,8.1,8.3,8.5,8.6,8.7,8.8,8.8,8.8,8.9,8.8,8.8,8.8,8.8,8.8
TTO,Trinidad and Tobago,,Stunting,Proportion,Lower Uncertainty Bound,4.6,4.9,5.2,5.4,5.7,6.0,6.3,6.6,6.9,7.2,7.4,7.5,7.5,7.5,7.3,7.1,6.8,6.6,6.3,6.0,5.8,5.6,5.4
TTO,Trinidad and Tobago,,Stunting,Proportion,Upper Uncertainty Bound,6.1,6.3,6.7,7.1,7.6,8.0,8.5,8.8,9.1,9.2,9.4,9.6,9.8,10.1,10.5,10.9,11.4,11.8,12.3,12.7,13.1,13.5,13.9
TUN,Tunisia,,Stunting,Proportion,Point Estimate,12.6,12.2,11.8,11.5,11.2,10.9,10.7,10.3,10.0,9.6,9.3,9.0,8.8,8.7,8.6,8.6,8.7,8.7,8.8,8.8,8.8,8.7,8.6
TUN,Tunisia,,Stunting,Proportion,Lower Uncertainty Bound,11.4,11.1,10.8,10.5,10.2,10.0,9.7,9.4,9.1,8.8,8.5,8.3,8.1,8.0,8.0,8.0,7.9,7.9,7.8,7.8,7.6,7.5,7.3
TUN,Tunisia,,Stunting,Proportion,Upper Uncertainty Bound,13.9,13.4,13.0,12.6,12.3,12.0,11.7,11.4,11.0,10.6,10.1,9.8,9.5,9.4,9.3,9.4,9.5,9.6,9.8,9.9,10.0,10.1,10.2
TKM,Turkmenistan,,Stunting,Proportion,Point Estimate,26.6,25.9,25.0,23.8,22.5,21.0,19.6,18.2,16.9,15.6,14.4,13.4,12.5,11.7,10.9,10.2,9.6,9.0,8.4,7.9,7.4,7.0,6.7
TKM,Turkmenistan,,Stunting,Proportion,Lower Uncertainty Bound,24.3,23.9,23.2,22.1,20.8,19.3,17.9,16.5,15.3,14.1,13.1,12.2,11.5,10.8,10.1,9.5,8.9,8.3,7.7,7.1,6.6,6.2,5.8
TKM,Turkmenistan,,Stunting,Proportion,Upper Uncertainty Bound,29.0,28.0,26.8,25.6,24.3,22.8,21.3,20.0,18.6,17.2,15.9,14.7,13.6,12.7,11.8,11.0,10.4,9.7,9.2,8.7,8.3,7.9,7.7
TCA,Turks and Caicos Islands,,Stunting,Proportion,Point Estimate,5.7,5.6,5.6,5.5,5.4,5.3,5.2,5.1,4.9,4.7,4.5,4.3,4.1,4.0,3.8,3.7,3.6,3.5,3.4,3.2,3.1,3.0,2.9
TCA,Turks and Caicos Islands,,Stunting,Proportion,Lower Uncertainty Bound,2.4,2.4,2.5,2.5,2.5,2.5,2.6,2.6,2.6,2.6,2.5,2.5,2.5,2.5,2.6,2.6,2.6,2.6,2.6,2.5,2.4,2.3,2.2
TCA,Turks and Caicos Islands,,Stunting,Proportion,Upper Uncertainty Bound,12.8,12.5,12.1,11.7,11.3,10.8,10.3,9.8,9.2,8.5,7.8,7.2,6.6,6.1,5.6,5.2,4.9,4.6,4.4,4.2,4.0,3.9,3.8
TUV,Tuvalu,,Stunting,Proportion,Point Estimate,12.4,12.0,11.6,11.2,10.8,10.5,10.2,9.9,9.5,9.1,8.7,8.2,7.8,7.5,7.2,6.9,6.7,6.4,6.1,5.9,5.6,5.4,5.2
TUV,Tuvalu,,Stunting,Proportion,Lower Uncertainty Bound,8.4,8.6,8.7,8.8,8.8,8.8,8.7,8.5,8.3,7.9,7.6,7.2,6.9,6.6,6.4,6.2,5.9,5.7,5.4,5.1,4.8,4.6,4.3
TUV,Tuvalu,,Stunting,Proportion,Upper Uncertainty Bound,17.8,16.5,15.3,14.2,13.2,12.5,11.9,11.4,10.9,10.4,9.9,9.4,8.9,8.5,8.1,7.8,7.5,7.2,7.0,6.7,6.5,6.3,6.1
TUR,Türkiye,,Stunting,Proportion,Point Estimate,17.4,17.1,16.7,16.4,16.1,15.5,14.9,14.0,13.0,11.8,10.8,9.8,9.1,8.5,8.0,7.5,7.2,6.8,6.5,6.2,6.0,5.7,5.5
TUR,Türkiye,,Stunting,Proportion,Lower Uncertainty Bound,16.1,15.8,15.6,15.3,15.0,14.5,13.8,13.0,12.0,10.9,10.0,9.1,8.4,7.9,7.4,7.0,6.6,6.2,5.8,5.5,5.2,4.9,4.6
TUR,Türkiye,,Stunting,Proportion,Upper Uncertainty Bound,18.8,18.4,18.0,17.6,17.2,16.7,16.0,15.1,14.0,12.7,11.6,10.6,9.8,9.1,8.6,8.2,7.8,7.5,7.3,7.0,6.8,6.7,6.5
UGA,Uganda,,Stunting,Proportion,Point Estimate,44.0,43.6,43.1,42.6,42.0,41.3,40.6,39.7,38.6,37.4,36.0,34.6,33.3,32.1,30.8,29.6,28.4,27.3,26.3,25.5,24.7,24.0,23.4
UGA,Uganda,,Stunting,Proportion,Lower Uncertainty Bound,41.8,41.5,41.1,40.7,40.2,39.7,39.1,38.3,37.3,36.1,34.9,33.6,32.4,31.2,29.9,28.7,27.4,26.2,25.0,24.1,23.1,22.2,21.5
UGA,Uganda,,Stunting,Proportion,Upper Uncertainty Bound,46.3,45.7,45.1,44.5,43.7,43.0,42.2,41.2,40.0,38.6,37.1,35.6,34.2,33.0,31.7,30.5,29.5,28.5,27.6,26.9,26.3,25.8,25.4
UKR,Ukraine,,Stunting,Proportion,Point Estimate,22.6,22.5,22.3,22.0,21.6,21.2,20.7,20.2,19.6,19.1,18.6,18.2,18.2,17.5,16.9,16.5,16.7,16.6,16.2,15.6,14.8,13.5,12.3
UKR,Ukraine,,Stunting,Proportion,Lower Uncertainty Bound,20.5,20.1,19.4,18.4,17.3,16.2,15.3,14.5,13.6,12.9,12.3,11.8,11.5,10.9,10.2,9.7,9.6,9.3,8.8,8.2,7.6,6.7,5.8
UKR,Ukraine,,Stunting,Proportion,Upper Uncertainty Bound,24.9,25.1,25.6,26.1,26.6,27.1,27.4,27.5,27.4,27.2,27.1,27.0,27.5,27.0,26.6,26.5,27.5,28.0,27.9,27.6,27.1,25.6,24.0
ARE,United Arab Emirates,,Stunting,Proportion,Point Estimate,-,-,-,-,-,-,-,-,-,-,-,-,-,-,-,-,-,-,-,-,-,-,-
ARE,United Arab Emirates,,Stunting,Proportion,Lower Uncertainty Bound,-,-,-,-,-,-,-,-,-,-,-,-,-,-,-,-,-,-,-,-,-,-,-
ARE,United Arab Emirates,,Stunting,Proportion,Upper Uncertainty Bound,-,-,-,-,-,-,-,-,-,-,-,-,-,-,-,-,-,-,-,-,-,-,-
GBR,United Kingdom,,Stunting,Proportion,Point Estimate,-,-,-,-,-,-,-,-,-,-,-,-,-,-,-,-,-,-,-,-,-,-,-
GBR,United Kingdom,,Stunting,Proportion,Lower Uncertainty Bound,-,-,-,-,-,-,-,-,-,-,-,-,-,-,-,-,-,-,-,-,-,-,-
GBR,United Kingdom,,Stunting,Proportion,Upper Uncertainty Bound,-,-,-,-,-,-,-,-,-,-,-,-,-,-,-,-,-,-,-,-,-,-,-
TZA,United Republic of Tanzania,,Stunting,Proportion,Point Estimate,47.4,46.8,46.2,45.5,44.8,44.2,43.6,42.9,42.2,41.3,40.3,39.2,38.1,37.1,36.2,35.4,34.7,34.1,33.5,32.9,32.1,31.4,30.6
TZA,United Republic of Tanzania,,Stunting,Proportion,Lower Uncertainty Bound,45.4,45.0,44.5,43.9,43.2,42.6,42.0,41.3,40.6,39.8,38.9,38.0,37.0,36.0,35.2,34.3,33.6,33.0,32.2,31.4,30.6,29.7,28.8
TZA,United Republic of Tanzania,,Stunting,Proportion,Upper Uncertainty Bound,49.3,48.7,48.0,47.2,46.5,45.8,45.2,44.5,43.7,42.8,41.7,40.5,39.3,38.2,37.3,36.5,35.8,35.3,34.9,34.3,33.7,33.1,32.6
USA,United States,,Stunting,Proportion,Point Estimate,3.1,3.0,2.8,2.7,2.7,2.6,2.6,2.5,2.5,2.5,2.5,2.5,2.5,2.6,2.7,2.8,2.9,3.0,3.1,3.3,3.4,3.5,3.6
USA,United States,,Stunting,Proportion,Lower Uncertainty Bound,2.8,2.7,2.6,2.5,2.5,2.4,2.4,2.4,2.3,2.3,2.3,2.3,2.4,2.4,2.5,2.6,2.7,2.8,2.8,2.9,3.0,3.0,3.1
USA,United States,,Stunting,Proportion,Upper Uncertainty Bound,3.4,3.2,3.1,2.9,2.8,2.8,2.8,2.7,2.7,2.7,2.7,2.7,2.7,2.8,2.9,3.0,3.1,3.3,3.5,3.7,3.9,4.0,4.2
URY,Uruguay,,Stunting,Proportion,Point Estimate,16.3,15.7,15.1,14.5,13.9,13.3,12.7,12.0,11.3,10.6,9.9,9.4,9.1,8.7,8.4,8.0,7.6,7.3,6.9,6.7,6.4,6.3,6.1
URY,Uruguay,,Stunting,Proportion,Lower Uncertainty Bound,15.1,14.8,14.3,13.8,13.2,12.6,12.0,11.3,10.6,9.9,9.3,8.9,8.6,8.2,7.9,7.5,7.1,6.7,6.3,6.0,5.7,5.5,5.3
URY,Uruguay,,Stunting,Proportion,Upper Uncertainty Bound,17.4,16.7,15.9,15.2,14.6,14.1,13.5,12.8,12.0,11.3,10.5,10.0,9.6,9.2,8.8,8.5,8.2,7.8,7.6,7.4,7.2,7.1,7.0
UZB,Uzbekistan,,Stunting,Proportion,Point Estimate,28.9,27.1,25.4,23.9,22.5,21.3,20.1,19.0,17.8,16.6,15.4,14.3,13.2,12.2,11.4,10.7,10.0,9.4,8.8,8.3,7.8,7.3,6.9
UZB,Uzbekistan,,Stunting,Proportion,Lower Uncertainty Bound,27.1,25.4,23.8,22.3,21.0,19.7,18.5,17.4,16.3,15.1,14.0,13.0,12.0,11.2,10.6,9.9,9.3,8.7,8.1,7.6,7.1,6.6,6.2
UZB,Uzbekistan,,Stunting,Proportion,Upper Uncertainty Bound,30.9,28.9,27.1,25.5,24.1,22.9,21.8,20.7,19.5,18.2,16.8,15.6,14.4,13.3,12.4,11.6,10.8,10.1,9.5,9.0,8.5,8.1,7.7
VUT,Vanuatu,,Stunting,Proportion,Point Estimate,23.9,23.9,24.0,24.3,24.7,25.1,25.6,25.9,26.2,26.3,26.5,26.7,27.0,27.4,27.9,28.5,29.2,29.7,30.2,30.6,30.9,31.2,31.4
VUT,Vanuatu,,Stunting,Proportion,Lower Uncertainty Bound,21.1,21.1,21.4,21.7,22.1,22.6,23.1,23.6,24.0,24.4,24.6,24.9,25.0,25.1,25.2,25.3,25.3,25.2,25.0,24.8,24.5,24.3,24.0
VUT,Vanuatu,,Stunting,Proportion,Upper Uncertainty Bound,26.9,26.8,26.9,27.1,27.4,27.8,28.1,28.4,28.4,28.4,28.4,28.6,29.0,29.8,30.8,32.1,33.4,34.7,36.0,37.1,38.1,39.1,39.9
VEN,Venezuela (Bolivarian Republic of),,Stunting,Proportion,Point Estimate,17.6,17.3,17.2,17.2,17.1,16.8,16.2,15.5,14.8,14.1,13.4,12.7,12.1,11.6,11.2,11.1,10.9,10.8,10.6,10.5,10.5,10.5,10.5
VEN,Venezuela (Bolivarian Republic of),,Stunting,Proportion,Lower Uncertainty Bound,16.7,16.4,16.3,16.3,16.2,15.8,15.2,14.5,13.6,12.8,11.9,11.0,10.1,9.4,8.8,8.4,7.9,7.5,7.1,6.8,6.5,6.3,6.2
VEN,Venezuela (Bolivarian Republic of),,Stunting,Proportion,Upper Uncertainty Bound,18.5,18.2,18.1,18.2,18.1,17.8,17.3,16.6,16.0,15.5,15.0,14.6,14.3,14.2,14.3,14.6,14.9,15.2,15.6,16.0,16.4,16.9,17.4
VNM,Viet Nam,,Stunting,Proportion,Point Estimate,41.5,39.7,37.9,36.3,34.7,33.2,32.0,30.8,29.6,28.5,27.4,26.4,25.4,24.5,24.1,23.5,22.8,22.3,21.7,21.0,20.4,19.8,19.3
VNM,Viet Nam,,Stunting,Proportion,Lower Uncertainty Bound,40.4,38.7,37.0,35.4,33.8,32.4,31.0,29.8,28.7,27.6,26.5,25.5,24.6,23.7,23.4,22.7,22.1,21.5,20.9,20.1,19.5,18.8,18.1
VNM,Viet Nam,,Stunting,Proportion,Upper Uncertainty Bound,42.6,40.7,38.9,37.2,35.6,34.1,32.9,31.7,30.5,29.4,28.3,27.2,26.2,25.3,24.9,24.2,23.6,23.1,22.6,21.9,21.4,21.0,20.5
YEM,Yemen,,Stunting,Proportion,Point Estimate,55.4,55.8,56.2,56.4,56.4,56.1,55.7,54.8,53.6,52.1,50.4,48.6,46.9,45.2,43.7,42.3,41.0,39.8,38.7,37.6,36.7,35.7,35.1
YEM,Yemen,,Stunting,Proportion,Lower Uncertainty Bound,53.4,53.9,54.3,54.5,54.4,54.1,53.5,52.7,51.6,50.2,48.5,46.7,44.8,42.8,40.8,38.9,37.1,35.3,33.6,32.1,30.6,29.3,28.3
YEM,Yemen,,Stunting,Proportion,Upper Uncertainty Bound,57.3,57.7,58.1,58.3,58.4,58.2,57.8,56.9,55.7,54.1,52.3,50.6,49.0,47.7,46.6,45.8,45.1,44.5,44.0,43.5,43.1,42.7,42.6
ZMB,Zambia,,Stunting,Proportion,Point Estimate,51.8,51.6,51.3,50.7,50.1,49.4,48.6,47.6,46.5,45.2,43.7,42.2,40.8,39.6,38.6,37.6,36.6,35.4,34.2,33.2,32.3,31.7,31.4
ZMB,Zambia,,Stunting,Proportion,Lower Uncertainty Bound,50.0,49.8,49.4,48.8,48.1,47.2,46.3,45.3,44.2,43.0,41.6,40.2,38.9,37.8,36.7,35.7,34.5,33.1,31.8,30.5,29.3,28.4,27.9
ZMB,Zambia,,Stunting,Proportion,Upper Uncertainty Bound,53.6,53.4,53.1,52.6,52.1,51.5,50.8,49.9,48.8,47.4,45.9,44.3,42.8,41.5,40.4,39.6,38.7,37.7,36.8,36.0,35.4,35.1,35.1
ZWE,Zimbabwe,,Stunting,Proportion,Point Estimate,32.8,33.1,33.6,34.1,34.4,34.8,35.0,34.9,34.7,34.2,33.5,32.4,31.1,29.6,28.1,26.8,25.6,24.6,23.8,23.1,22.5,22.0,21.6
ZWE,Zimbabwe,,Stunting,Proportion,Lower Uncertainty Bound,30.7,31.2,31.7,32.3,32.7,33.1,33.3,33.2,33.0,32.7,32.0,31.0,29.8,28.4,27.0,25.6,24.3,23.2,22.2,21.4,20.6,19.9,19.3
ZWE,Zimbabwe,,Stunting,Proportion,Upper Uncertainty Bound,34.9,35.2,35.5,35.9,36.2,36.5,36.7,36.6,36.3,35.8,35.0,33.8,32.4,30.8,29.4,28.1,27.0,26.1,25.5,25.0,24.6,24.3,24.1
,,,,,,,,,,,,,,,,,,,,,,,,,,,,
,,,,,,,,,,,,,,,,,,,,,,,,,,,,
1,"Most recent input data is before 2000, interpret with caution",,,,,,,,,,,,,,,,,,,,,,,,,,,
,,,,,,,,,,,,,,,,,,,,,,,,,,,,
